{   "source": {     "type": "sqlserver",     "conf": {       "static": {         "community": "SQL Server",         "database_name": "UDA_SALES",         "table_name": "(select OpportunityId as opportunityid,Opportunity_sk as opportunity_sk,DaysToClose as daystoclose,TimeToCloseInMonths as timetocloseinmonths,SS3ToCloseInDays as ss3tocloseindays,SS3ToCloseInMonths as ss3tocloseinmonths,MQO as mqo,MQOWithSol as mqowithsol,SQO as sqo,SQOWithSol as sqowithsol,AQL_SQOs as aql_sqos,AQL_MQOs as aql_mqos,AQL_SQOsWithSol as aql_sqoswithsol,AQL_MQOsWithSol as aql_mqoswithsol,INQ_SQOs as inq_sqos,INQ_MQOs as inq_mqos,INQ_SQOsWithSol as inq_sqoswithsol,INQ_MQOsWithSol as inq_mqoswithsol,RenewalASV as renewalasv,GrossASV as grossasv,ServicesASV as servicesasv,ReportableNewASV_FX_Neutral as reportablenewasv_fx_neutral,DateKey_CreatedDate as datekey_createddate,DateKey_CloseDate as datekey_closedate,DateKey_SQO_Date as datekey_sqo_date,DateKey_CampaignStartDate as datekey_campaignstartdate,SalesUser_sk as salesuser_sk,SalesUser_SK_CreatedBy as salesuser_sk_createdby,SalesUserTerritory_sk as salesuserterritory_sk,SalesUserTerritory_sk_CreatedBy as salesuserterritory_sk_createdby,SellableProduct_sk as sellableproduct_sk,Account_sk as account_sk,SalesAccount_sk as salesaccount_sk,Lead_sk as lead_sk,Campaign_sk as campaign_sk,CampaignAttributes_sk as campaignattributes_sk,OpportunityExtended_sk as opportunityextended_sk,LineItemSource as lineitemsource,UDADataSource_sk as udadatasource_sk,DateKey_InitialStage1Date as datekey_initialstage1date,DateKey_InitialStage2Date as datekey_initialstage2date,DateKey_InitialStage3Date as datekey_initialstage3date,DateKey_InitialStage4Date as datekey_initialstage4date,DateKey_InitialStage5Date as datekey_initialstage5date,DateKey_InitialStage6Date as datekey_initialstage6date,DateKey_InitialStage7Date as datekey_initialstage7date,OpportunityLine_sk_ServicesConsultingSegment as opportunityline_sk_servicesconsultingsegment,DateKey_ADM_SubmitDate as datekey_adm_submitdate,DateKey_AM_ApproveRejectDate as datekey_am_approverejectdate,Program_sk as program_sk,DateKey_LastModifiedDate as datekey_lastmodifieddate,DateKey_OpportunityContactRoleUpdateDate as datekey_opportunitycontactroleupdatedate,DateKey_InitialOpportunityCloseDate as datekey_initialopportunityclosedate,ContactInquiryAttributes_SK as contactinquiryattributes_sk,Contact_sk as contact_sk,LeadRepliedToOpportunityCreatedInDays as leadrepliedtoopportunitycreatedindays,CampaignMember_sk as campaignmember_sk,AdobeRole_sk as adoberole_sk,'D' AS flag ,CONVERT(varchar,CONVERT(date,CURRENT_TIMESTAMP)) as as_of_date from UDA_SALES.dbo.vw_tf_MIA_Opportunity where [UDADataSource_SK] = 2) vw_tf_MIA_Opportunity",         "schemaName": "dbo",         "hostName": "10.50.217.133",         "port": "1433",         "username": "spark.sqlserver.username",         "password": "spark.sqlserver.password",         "cdc_expr": "",         "select_column": ""       },       "runtime": {         "sc.fetchSize": "200",         "nor.conf.conn.url.suffix": "authenticationScheme=NTLM;integratedSecurity=true;domain=adobenet"       }     }   },   "target": {     "type": "adls",     "conf": {       "static": {         "path": "abfs://or1-prod-data@azr6665prddpaasb2bdna.dfs.core.windows.net/user/hive/warehouse/b2bdna/b2b_tmp.db/uda_uda_sales_dbo_vw_tf_mia_opportunity_tmp",         "write_mode": "overwrite",         "update_key": "",         "partition_column": "",         "format": {           "type": "parquet"         }       },       "runtime": {}     }   } }