{   "source": {     "type": "sqlserver",     "conf": {       "static": {         "community": "SQL Server",         "database_name": "UDA_SALES",         "table_name": "(select Opportunity_sk as opportunity_sk,UDA_Source as uda_source,AccountID as accountid,AccountChannel as accountchannel,AcceptintoSalesPipeline as acceptintosalespipeline,AccountChannelIntegrationType as accountchannelintegrationtype,AccountCustomerSuccessManager as accountcustomersuccessmanager,AccountManagerApprovalStatus as accountmanagerapprovalstatus,AdjustedCommitment as adjustedcommitment,ADM_SubmitDate as adm_submitdate,AnxietyQuestion as anxietyquestion,AriaOpportunityType as ariaopportunitytype,ApprovalStatus as approvalstatus,AccesstoPower as accesstopower,ABDDealBand as abddealband,ABDDealBandOrder as abddealbandorder,AtRiskRequest as atriskrequest,BookingStatus as bookingstatus,BUFlag as buflag,BudgetNotes as budgetnotes,CampaignId as campaignid,CloseDateChangeReason as closedatechangereason,CloseDate as closedate,Compliance as compliance,ComplianceDeal as compliancedeal,Contractstatus as contractstatus,CreatedByID as createdbyid,CreatedDate as createddate,CreatorOriginalProfile as creatororiginalprofile,CreatorOverrideReason as creatoroverridereason,CustomerSAP_ECC_ID as customersap_ecc_id,DealCode as dealcode,DealRegistrationID as dealregistrationid,Deleted as deleted,DMeIneligible as dmeineligible,ECC_ECM_ContractNumber as ecc_ecm_contractnumber,ELA_ComplianceStatus as ela_compliancestatus,EndUserECC_ID as enduserecc_id,EnterpriseAgreementEA as enterpriseagreementea,EventsAttended as eventsattended,ForecastIndicator as forecastindicator,ForecastCategory as forecastcategory,ForecastCategoryName as forecastcategoryname,ForecastNotes as forecastnotes,FulfillmentPartner as fulfillmentpartner,GeoAdjustedCommitment as geoadjustedcommitment,GeoHedge as geohedge,IntegrationType as integrationtype,ELAIndicator as elaindicator,HasLineItem as haslineitem,HasOpenActivity as hasopenactivity,HasOverdueTask as hasoverduetask,LastActivity as lastactivity,LastModifiedByID as lastmodifiedbyid,LastModifiedDate as lastmodifieddate,LastReferencedDate as lastreferenceddate,LastViewedDate as lastvieweddate,LicensingProgram as licensingprogram,LicensingProgramType as licensingprogramtype,LinkedInCompanyId as linkedincompanyid,LM_Service as lm_service,ManagerAdjustedCommitment as manageradjustedcommitment,Method as method,MicrosoftPartnership as microsoftpartnership,MicrosoftPartnershipStage as microsoftpartnershipstage,MicrosoftLeadType as microsoftleadtype,MicrosoftNotes as microsoftnotes,MicrosoftRep as microsoftrep,MicrosoftUniqueID as microsoftuniqueid,MutualPlan as mutualplan,OppName as oppname,NextStep as nextstep,NextSteps as nextsteps,NextTenOpportunity as nexttenopportunity,OpportyCreateAndClosedSameQtr as opportycreateandclosedsameqtr,OpportunityAge as opportunityage,OpportunityAgeSort as opportunityagesort,OpportunityGlobalRegion as opportunityglobalregion,OpportunityID as opportunityid,OpportunityIsWon as opportunityiswon,OpportunityIsLost as opportunityislost,OpportunityIsClosed as opportunityisclosed,OpportunityRecordType as opportunityrecordtype,OpportunitySequence as opportunitysequence,OpportunitySource as opportunitysource,OpportunityType as opportunitytype,OpptyContactRoleFlag as opptycontactroleflag,OtherCompetitorsIncumbents as othercompetitorsincumbents,PartnerCompany as partnercompany,PartnerContactName as partnercontactname,PartnerContactTitle as partnercontacttitle,PartnerContactEmail as partnercontactemail,PartnerContactPhone as partnercontactphone,PartnerSource as partnersource,PartnerSubmissionDate as partnersubmissiondate,PartnerID as partnerid,PipelineCreator as pipelinecreator,POI_Approvertext as poi_approvertext,PrimaryCampaign as primarycampaign,PrimaryCampaignFlag as primarycampaignflag,PrimaryCompetitor as primarycompetitor,PrimaryCompetitorSolution as primarycompetitorsolution,PrimaryIncumbent as primaryincumbent,PrimaryUseCase as primaryusecase,PriceBookID as pricebookid,PrimarySalesPlay as primarysalesplay,ProbabilityPercent as probabilitypercent,ProductInterest as productinterest,Reason as reason,Region as region,RegionAdjustedCommitment as regionadjustedcommitment,RelatedtoISM_Activity as relatedtoism_activity,RenewalDriver as renewaldriver,RenewalType as renewaltype,RecordTypeID as recordtypeid,SalesCampaign as salescampaign,SalesOpsReconciled as salesopsreconciled,SalesTeamEngagement as salesteamengagement,SecondaryCompetitor as secondarycompetitor,SecondaryCompetitorSolution as secondarycompetitorsolution,SecondaryIncumbent as secondaryincumbent,SecondarySalesPlay as secondarysalesplay,SecondaryUseCase as secondaryusecase,SellingPartner as sellingpartner,ServicesSalesPlay as servicessalesplay,ServicesSourceofLead as servicessourceoflead,SourceOfLead as sourceoflead,SourcingPartner as sourcingpartner,StageDurationindays as stagedurationindays,Stage as stage,StageFivePlusEver as stagefiveplusever,FirstStageFiveDate as firststagefivedate,FirstStageThreeDate as firststagethreedate,STATUS as status,StudentNameFlag as studentnameflag,SystemIntegrator as systemintegrator,SystemModstamp as systemmodstamp,Team as team,TimeboundBusinessIssue as timeboundbusinessissue,VisionMatch as visionmatch,OwnerId as ownerid,Industry as industry,EndDate as enddate,StartDate as startdate,LostReason as lostreason,LostDetail as lostdetail,OpportunityNumber as opportunitynumber,LeadSource2 as leadsource2,GlobalRegion as globalregion,RevenueType as revenuetype,AcquisitionProgram as acquisitionprogram,INQ_Date as inq_date,SAL_Date as sal_date,SQL_Date as sql_date,AccountName as accountname,ContactId as contactid,cast(UDA_RowHash_EDC as tinyint) as uda_rowhash_edc,DateKey_CreatedDate as datekey_createddate,DateKey_CloseDate as datekey_closedate,DateKey_ADM_SubmitDate as datekey_adm_submitdate,DateKey_PartnerSubmissionDate as datekey_partnersubmissiondate,DateKey_EndDate as datekey_enddate,DateKey_StartDate as datekey_startdate,DateKey_INQ_Date as datekey_inq_date,DateKey_SAL_Date as datekey_sal_date,DateKey_SQL_Date as datekey_sql_date,Account_SK_SourcingPartner as account_sk_sourcingpartner,Account_SK_SellingPartner as account_sk_sellingpartner,OpportunityIsOpen as opportunityisopen,SalesDerived_Team as salesderived_team,BusinessValuePersonalValue as businessvaluepersonalvalue,LicenseManagement as licensemanagement,DealID as dealid,DateKey_FirstMeetingDate as datekey_firstmeetingdate,DistributionMethod as distributionmethod,UseCase as usecase,LeadId as leadid,cast(UDA_RowHash as tinyint) as uda_rowhash,Name as name,UDADataSource_sk as udadatasource_sk,Campaign_SK_CampaignName as campaign_sk_campaignname,AnnualContractValue as annualcontractvalue,AdobeSegment as adobesegment,OpportunityCurrency as opportunitycurrency,DealType as dealtype,GeneratedBy as generatedby,ORC_Region as orc_region,SourcedBy as sourcedby,StageList as stagelist,DaysToClose as daystoclose,LeadSource as leadsource,ASV as asv,DateKey_OpportunityQualificationDate as datekey_opportunityqualificationdate,DateKey_InitialStage3Date as datekey_initialstage3date,LeadSourceOriginal as leadsourceoriginal,LeadSourceDescription as leadsourcedescription,NEWASV as newasv,AnnualRecurringRevenue as annualrecurringrevenue,OwnerRoleCustom as ownerrolecustom,BusinessDevelopmentRep as businessdevelopmentrep,LeadSourceDescriptionOriginal as leadsourcedescriptionoriginal,DateKey_InitialStage1Date as datekey_initialstage1date,DateKey_InitialStage2Date as datekey_initialstage2date,DateKey_InitialStage4Date as datekey_initialstage4date,DateKey_InitialStage5Date as datekey_initialstage5date,DateKey_InitialStage6Date as datekey_initialstage6date,DateKey_InitialStage7Date as datekey_initialstage7date,HighestSalesStageReached as highestsalesstagereached,OpportunityContactRoleFlag as opportunitycontactroleflag,POIFlag as poiflag,HighestStageValue as higheststagevalue,DaysInCurrentStage as daysincurrentstage,DaysInStageTiers as daysinstagetiers,DaysInStageTiersSort as daysinstagetierssort,ProgressionMaturity as progressionmaturity,PreviousSalesStageReached as previoussalesstagereached,ContactsAttachedFlag as contactsattachedflag,MarketingLinearFlag as marketinglinearflag,DaysSinceNextStepsModified as dayssincenextstepsmodified,'D' AS flag ,CONVERT(varchar,CONVERT(date,CURRENT_TIMESTAMP)) as as_of_date from UDA_SALES.dbo.vw_td_Opportunity where [UDADataSource_SK] = 2) vw_td_Opportunity",         "schemaName": "dbo",         "hostName": "10.50.217.133",         "port": "1433",         "username": "spark.sqlserver.username",         "password": "spark.sqlserver.password",         "cdc_expr": "",         "select_column": ""       },       "runtime": {         "sc.fetchSize": "200",         "nor.conf.conn.url.suffix": "authenticationScheme=NTLM;integratedSecurity=true;domain=adobenet"       }     }   },   "target": {     "type": "adls",     "conf": {       "static": {         "path": "abfs://or1-prod-data@azr6665prddpaasb2bdna.dfs.core.windows.net/user/hive/warehouse/b2bdna/b2b_tmp.db/uda_uda_sales_dbo_vw_td_opportunity_tmp",         "write_mode": "overwrite",         "update_key": "",         "partition_column": "",         "format": {           "type": "parquet"         }       },       "runtime": {}     }   } }