{   "source": {     "type": "sqlserver",     "conf": {       "static": {         "community": "SQL Server",         "database_name": "UDA_SALES",         "table_name": "(select SellableProduct_sk as sellableproduct_sk,SellableProductID as sellableproductid,AdobeSKU as adobesku,AmericasOutlookProductGroupFY12 as americasoutlookproductgroupfy12,ASV_Grouping as asv_grouping,BusinessUnit as businessunit,DeploymentMethod as deploymentmethod,MajorOLPG1 as majorolpg1,MajorOLPG2 as majorolpg2,MaterialDescription as materialdescription,OfferingType as offeringtype,OutlookProductGroup as outlookproductgroup,ProductCode as productcode,ProductCodeDescription as productcodedescription,ProductDescription as productdescription,ProductFamily as productfamily,ProductName as productname,ProductSKU as productsku,ProfitCenterCode as profitcentercode,ProfitCenterName as profitcentername,QuantityUnitOfMeasure as quantityunitofmeasure,LastModifiedDttm as lastmodifieddttm,UDA_DataSource as uda_datasource,UDADataSource_sk as udadatasource_sk,POIProduct as poiproduct,ProductFamilyEDC as productfamilyedc,ProductSubFamily as productsubfamily,NewProductFamily as newproductfamily,DigitalMediaFlag as digitalmediaflag,DigitalMarketingFlag as digitalmarketingflag,SolutionGroup as solutiongroup,EntSolutionGroup as entsolutiongroup,BusinessUnitEDC as businessunitedc,CloudGroup as cloudgroup,'D' AS flag ,CONVERT(varchar,CONVERT(date,CURRENT_TIMESTAMP)) as as_of_date from UDA_SALES.dbo.vw_td_SellableProduct where [MajorOLPG2] = 'DIGITAL MEDIA') vw_td_SellableProduct",         "schemaName": "dbo",         "hostName": "10.50.217.133",         "port": "1433",         "username": "spark.sqlserver.username",         "password": "spark.sqlserver.password",         "cdc_expr": "",         "select_column": ""       },       "runtime": {         "sc.fetchSize": "200",         "nor.conf.conn.url.suffix": "authenticationScheme=NTLM;integratedSecurity=true;domain=adobenet"       }     }   },   "target": {     "type": "adls",     "conf": {       "static": {         "path": "abfs://or1-prod-data@azr6665prddpaasb2bdna.dfs.core.windows.net/user/hive/warehouse/b2bdna/b2b.db/uda_uda_sales_dbo_vw_td_sellableproduct",         "write_mode": "overwrite",         "update_key": "",         "partition_column": "flag,as_of_date",         "format": {           "type": "parquet"         }       },       "runtime": {}     }   } }