{   "source": {     "type": "sqlserver",     "conf": {       "static": {         "community": "SQL Server",         "database_name": "UDA_MARKETING",         "table_name": "(select Campaign_sk as campaign_sk,CampaignID as campaignid,UDADataSource_sk as udadatasource_sk,UDA_DataSource as uda_datasource,ActivitySubtype as activitysubtype,ActivityType as activitytype,ActualCostinCampaign as actualcostincampaign,AdPosition as adposition,Audience as audience,BU_Campaign as bu_campaign,BudgetedCostinCampaign as budgetedcostincampaign,BudgetSource as budgetsource,CampaignAllocation as campaignallocation,CampaignResponseType as campaignresponsetype,CampaignGroup as campaigngroup,CampaignLanguage as campaignlanguage,CampaignName as campaignname,CampaignOfferID as campaignofferid,CampaignStatus as campaignstatus,CampaignSpenders as campaignspenders,CampaignTactics as campaigntactics,CampaignType as campaigntype,Channel as channel,ChannelSource as channelsource,CreatedDate as createddate,CurrencyISO_Code as currencyiso_code,DateKey_CreatedDate as datekey_createddate,DateKey_EndDate as datekey_enddate,DateKey_StartDate as datekey_startdate,EndDate as enddate,ExpectedRevenueinCampaign as expectedrevenueincampaign,Gate as gate,Geo as geo,IndustrySegment as industrysegment,LastModifiedDate as lastmodifieddate,LastModifiedDttm as lastmodifieddttm,LeadsGatheredBy as leadsgatheredby,MediaSource as mediasource,OfferType as offertype,OwnerID as ownerid,PartnerBudget as partnerbudget,PartnerInvolved as partnerinvolved,PartnerName as partnername,PrimaryCountry as primarycountry,SiteCatalystTrackingCode as sitecatalysttrackingcode,SpendersMktgCredit as spendersmktgcredit,StartDate as startdate,TestVersion as testversion,Themes as themes,TopicsCovered as topicscovered,UseCaseSalesPlay as usecasesalesplay,EventSubtype as eventsubtype,Program as program,CampaignOfferCreator as campaignoffercreator,CampaignOfferName as campaignoffername,CampaignOfferType as campaignoffertype,CampaignOwner as campaignowner,IndustryStrategyCampaign as industrystrategycampaign,Country as country,MethodofDistribution as methodofdistribution,'D' AS flag ,CONVERT(varchar,CONVERT(date,CURRENT_TIMESTAMP)) as as_of_date from UDA_MARKETING.dbo.vw_td_Campaign where UDADataSource_sk = 2) vw_td_Campaign",         "schemaName": "dbo",         "hostName": "10.50.217.133",         "port": "1433",         "username": "spark.sqlserver.username",         "password": "spark.sqlserver.password",         "cdc_expr": "",         "select_column": ""       },       "runtime": {         "sc.fetchSize": "200",         "nor.conf.conn.url.suffix": "authenticationScheme=NTLM;integratedSecurity=true;domain=adobenet"       }     }   },   "target": {     "type": "adls",     "conf": {       "static": {         "path": "abfs://or1-prod-data@azr6665prddpaasb2bdna.dfs.core.windows.net/user/hive/warehouse/b2bdna/b2b.db/uda_uda_marketing_dbo_vw_td_campaign",         "write_mode": "overwrite",         "update_key": "",         "partition_column": "flag,as_of_date",         "format": {           "type": "parquet"         }       },       "runtime": {}     }   } }