{
    "source": {
      "type": "sqlserver",
      "conf": {
        "static": {
          "community": "SQL Server",
          "database_name": "TAP_PROD_EU",
          "table_name": "(select [COVERAGE_KEY] as coverage_key,[Rep Global Region] as  rep_global_region ,[Rep Region] as  rep_region,[Rep Sub Region] as  rep_sub_region,[Rep Major Territory] as  rep_major_territory ,[Rep Territory] as  rep_territory ,[Rep Sub Territory] as  rep_sub_territory ,[Rep Area] as  rep_area,[Sales Rep ID] as  sales_rep_id,[Sales Rep Name] as  sales_rep_name,[Sales Rep LDAP] as  sales_rep_ldap,[Subsidiary ID] as  subsidiary_id,[Subsidiary Name] as  subsidiary_name ,[Parent ID] as  parent_id,[Parent Name] as  parent_name ,[Geo Group ID] as  geo_group_id,[Geo Group] as  geo_group ,[Industry Group ID] as  industry_group_id,[Industry Group] as  industry_group,[Product Group ID] as  product_group_id,[Product Group] as  product_group ,[Named Account Flag] as  named_account_flag,[Coverage Role Type] as  coverage_role_type,[Sales Manager ID] as  sales_manager_id,[Sales Manager Name] as  sales_manager_name,[Sales Manager LDAP] as  sales_manager_ldap,[Opp Governance ID] as  opp_governance_id,[Opp Governance] as  opp_governance,[Partner Flag] as  partner_flag,[Customer Flag] as  customer_flag,[Sourcing] as  sourcing,[Selling] as  selling,[Fulfillment] as  fulfillment,[Consulting] as  consulting,[ML_PARTNER_FLAG] as  ml_partner_flag,[Anaplan ID] as  anaplan_id,[Curr_vs_Plan_Ind] as  curr_vs_plan_ind,[Sales Rep Position ID] as  sales_rep_position_id,[TA_PROCESS_FLAG] as  ta_process_flag,[Customer Industry Alignment] as  customer_industry_alignment,'NULL' as  cover_msft_flag ,'W' as flag,CONVERT(varchar,CONVERT(date,CURRENT_TIMESTAMP)) as as_of_date  from TAP_PROD_EU.dbo.vw_REPORT_ML_COVERAGE where [Rep Area] in ('dme','DX/DME')) vw_REPORT_ML_COVERAGE",
          "schemaName": "dbo",
          "hostName": "10.50.219.128",
          "port": "1440",
          "username": "spark.sqlserver.username",
          "password": "spark.sqlserver.password",
          "cdc_expr": "",
          "select_column": ""
        },
        "runtime": {
          "sc.fetchSize": "200",
          "nor.conf.conn.url.suffix": "authenticationScheme=NTLM;integratedSecurity=true;domain=adobenet"
        }
      }
    },
    "target": {
      "type": "adls",
      "conf": {
        "static": {
          "path": "abfs://or1-prod-data@azr6665prddpaasb2bdna.dfs.core.windows.net/user/hive/warehouse/b2bdna/b2b.db/sops_tap_prod_eu_dbo_vw_report_ml_coverage",
          "write_mode": "overwrite",
          "update_key": "",
          "partition_column": "flag,as_of_date",
          "format": {
            "type": "parquet"
          }
        },
        "runtime": {}
      }
    }
  }