{   "source": {     "type": "sqlserver",     "conf": {       "static": {         "community": "SQL Server",         "database_name": "TAP_PROD_EU",         "table_name": "(select [OVERLAY_KEY] as overlay_key,[Overlay Role Type] as overlay_role_type ,[TA Rule Mgmt Type] as ta_rule_mgmt_type ,[Product Group ID] as product_group_id,[Product Group] as product_group,[OV Comments] as ov_comments ,[Sales Rep ID] as sales_rep_id,[Sales Rep Name] as sales_rep_name,[Sales Rep LDAP] as sales_rep_ldap,[Rep Global Region] as rep_global_region ,[Rep Region] as rep_region,[Rep Sub Region] as rep_sub_region,[Rep Major Territory] as rep_major_territory ,[Rep Territory] as rep_territory,[Rep Sub Territory] as rep_sub_territory ,[Rep Area  ] as rep_area,[Sales Manager ID] as sales_manager_id,[Sales Manager] as sales_manager,[Sales Manager LDAP] as sales_manager_ldap,[Overlay ID] as overlay_id ,[Overlay Name] as overlay_name,[Overlay LDAP] as overlay_ldap,[Overlay Global Region] as overlay_global_region,[Overlay Region] as overlay_region,[Overlay Sub Region] as overlay_sub_region,[Overlay Major Territory] as overlay_major_territory,[Overlay Territory] as overlay_territory ,[Overlay Sub Territory] as overlay_sub_territory,[Overlay Area] as overlay_area,[Overlay Manager ID] as overlay_manager_id,[Overlay Manager Name] as overlay_manager_name,[Overlay Manager LDAP] as overlay_manager_ldap,[Anaplan ID] as anaplan_id,[Curr_vs_Plan_Ind] as curr_vs_plan_ind,[Overlay Position ID] as overlay_position_id,[Sales Rep Position ID] as sales_rep_position_id,[TA_PROCESS_FLAG] as ta_process_flag,'D' as flag,CONVERT(varchar,CONVERT(date,CURRENT_TIMESTAMP)) as as_of_date  from  TAP_PROD_EU.dbo.vw_REPORT_ML_OVERLAY where [Overlay Area] in ( 'dme','DX/DME')) vw_REPORT_ML_OVERLAY",         "schemaName": "dbo",         "hostName": "10.50.219.128",         "port": "1440",         "username": "spark.sqlserver.username",         "password": "spark.sqlserver.password",         "cdc_expr": "",         "select_column": ""       },       "runtime": {         "sc.fetchSize": "200",         "nor.conf.conn.url.suffix": "authenticationScheme=NTLM;integratedSecurity=true;domain=adobenet"       }     }   },   "target": {     "type": "adls",     "conf": {       "static": {         "path": "abfs://or1-prod-data@azr6665prddpaasb2bdna.dfs.core.windows.net/user/hive/warehouse/b2bdna/b2b.db/sops_tap_prod_eu_dbo_vw_report_ml_overlay",         "write_mode": "overwrite",         "update_key": "",         "partition_column": "flag,as_of_date",         "format": {           "type": "parquet"         }       },       "runtime": {}     }   } }