{   "source": {     "type": "sqlserver",     "conf": {       "static": {         "community": "SQL Server",         "database_name": "REPLICN_SF_CORP",         "table_name": "(select [Active] AS [active],[AdobeRoleType] AS [adoberoletype],[CreateAdobeTerritoryMember] AS [createadobeterritorymember],[CreatedByID] AS [createdbyid],[CreatedDate] AS [createddate],[CreateP2S] AS [createp2s],[CurrencyISO_Code] AS [currencyiso_code],[Deleted] AS [deleted],[EndDate] AS [enddate],[FiscalYear] AS [fiscalyear],[InSyncwithTA] AS [insyncwithta],[IsProductGroupActive] AS [isproductgroupactive],[LastModifiedByID] AS [lastmodifiedbyid],[LastModifiedDate] AS [lastmodifieddate],[LastReferencedDate] AS [lastreferenceddate],[LastViewedDate] AS [lastvieweddate],[Name] AS [name],[OutlookProductGroup] AS [outlookproductgroup],[OutOfSync] AS [outofsync],[OwnerID] AS [ownerid],[PerformanceMeasureIndicator] AS [performancemeasureindicator],[ProductGroupKey] AS [productgroupkey],[ReceivedConnectionID] AS [receivedconnectionid],[RecordID] AS [recordid],[SentConnectionID] AS [sentconnectionid],[StartDate] AS [startdate],[SystemModstamp] AS [systemmodstamp],[UniqueAdobeRoleName] AS [uniqueadoberolename],CONVERT(varchar,CONVERT(date,CURRENT_TIMESTAMP)) as as_of_date FROM REPLICN_SF_CORP.uda.vw_AdobeRole) vw_AdobeRole",         "schemaName": "uda",         "hostName": "10.50.217.133",         "port": "1433",         "username": "spark.sqlserver.username",         "password": "spark.sqlserver.password",         "cdc_expr": "",         "select_column": ""       },       "runtime": {         "sc.fetchSize": "200",         "nor.conf.conn.url.suffix": "authenticationScheme=NTLM;integratedSecurity=true;domain=adobenet"       }     }   },   "target": {     "type": "adls",     "conf": {       "static": {         "path": "abfs://or1-prod-data@azr6665prddpaasb2bdna.dfs.core.windows.net/user/hive/warehouse/b2bdna/b2b.db/uda_replicn_sf_corp_uda_vw_adoberole",         "write_mode": "overwrite",         "update_key": "",         "format": {           "type": "parquet"         }       },       "runtime": {}     }   } }