{   "source": {     "type": "sqlserver",     "conf": {       "static": {         "community": "SQL Server",         "database_name": "REPLICN_SF_CORP",         "table_name": "(select [ABO_Type] as abo_type,[AboutCustomer] as aboutcustomer,Accept as accept,Account as account,AccountCountry as accountcountry,AccountIndustry1 as accountindustry1,AccountIndustry2 as accountindustry2,AccountState as accountstate,ACM_No as acm_no,ACS_Industry as acs_industry,AdditionalLSFA_LSTA as additionallsfa_lsta,ADIR_EndUserPO_Number as adir_enduserpo_number,ADIR_LineCount as adir_linecount,ADIR_SoldToPO_Number as adir_soldtopo_number,ADIR_SoldToPO_NumberOverride as adir_soldtopo_numberoverride,ADUS_EndUserPO_Number as adus_enduserpo_number,ADUS_LineCount as adus_linecount,ADUS_SoldToPO_Number as adus_soldtopo_number,ADUS_SoldToPO_NumberOverride as adus_soldtopo_numberoverride,Age as age,AgreementMappingName as agreementmappingname,Amount as amount,ApprovalStage as approvalstage,ApprovalStatus as approvalstatus,ApprovalStatusCopy as approvalstatuscopy,ApprovalSubmissionDate as approvalsubmissiondate,ApproverComments as approvercomments,AssignedToLoginUser as assignedtologinuser,AU_GoodsandServicesTax as au_goodsandservicestax,AutoActivateOrder as autoactivateorder,AutoCreateBill as autocreatebill,AutoCreateRevenue as autocreaterevenue,AutoReApproval as autoreapproval,AutoRenewal as autorenewal,BillingPaymentAndInvoicing as billingpaymentandinvoicing,BillTo as billto,BlackBoxInvoiceRequired as blackboxinvoicerequired,BlackBoxInvoiceRequired1 as blackboxinvoicerequired1,BookingErrorClassification as bookingerrorclassification,BookingErrorDate as bookingerrordate,BookingErrorDetails as bookingerrordetails,BookingErrorOM_Rep as bookingerrorom_rep,BookingErrorSource as bookingerrorsource,BookingIssueClassification as bookingissueclassification,BookingIssueDetails as bookingissuedetails,BookingIssueGroup as bookingissuegroup,BookingStatus as bookingstatus,BU_FinanceApprovals as bu_financeapprovals,BU_PricingApprovalsHistory as bu_pricingapprovalshistory,BusinessJustificationHistory as businessjustificationhistory,Campaignid as campaignid,[Case] as [case],CertifiedRecordId as certifiedrecordid,ChooseApprovers as chooseapprovers,ChooseApproversBU_Finance as chooseapproversbu_finance,ChooseApproversBU_History as chooseapproversbu_history,ChooseApproversNonStdLicHistory as chooseapproversnonstdlichistory,ChooseApproversNonStdSupportHistory as chooseapproversnonstdsupporthistory,ChooseApproversNS_OverusageTerms as chooseapproversns_overusageterms,ChooseApproversNSPBT_History as chooseapproversnspbt_history,ChooseApproversNSProSvcsHistory as chooseapproversnsprosvcshistory,ChooseApproversOthers as chooseapproversothers,ChooseApproversOthersHistory as chooseapproversothershistory,ChooseApproversPmtBilling as chooseapproverspmtbilling,ChooseApproversProSvcs as chooseapproversprosvcs,ChooseApproversRA as chooseapproversra,ChooseApproversRevAssuranceHistory as chooseapproversrevassurancehistory,ChooseApproversSupport as chooseapproverssupport,ChooseInformed as chooseinformed,ChooseInformedBU_History as chooseinformedbu_history,ChooseInformedBU_Pricing as chooseinformedbu_pricing,ChooseInformedNonStdLicHistory as chooseinformednonstdlichistory,ChooseInformedNonStdSupportHistory as chooseinformednonstdsupporthistory,ChooseInformedNSPBT_History as chooseinformednspbt_history,ChooseInformedNSProSvcsHistory as chooseinformednsprosvcshistory,ChooseInformedOthersHistory as chooseinformedothershistory,ChooseInformedPmtBilling as chooseinformedpmtbilling,ChooseInformedProSvcs as chooseinformedprosvcs,ChooseInformedRA as chooseinformedra,ChooseInformedRETIRED1 as chooseinformedretired1,ChooseInformedRETIRED2 as chooseinformedretired2,ChooseInformedRevAssuranceHistory as chooseinformedrevassurancehistory,ChooseInformedSupport as chooseinformedsupport,ChooseOtherApprovals as chooseotherapprovals,ChooseReApproversProSvcs as choosereapproversprosvcs,Concession as concession,ConfigurationEffectiveDate as configurationeffectivedate,ConfigurationFinalizedDate as configurationfinalizeddate,ConfigurationSyncDate as configurationsyncdate,ConfigureProducts1 as configureproducts1,ConfigureProducts2 as configureproducts2,ConfigureProductsC as configureproductsc,ConfigureProductsNG as configureproductsng,ConsolidatedEntBUs as consolidatedentbus,ConsolidatedMLPs as consolidatedmlps,ConsolidatedNonStandardTermsApprover as consolidatednonstandardtermsapprover,ConsolidatedNonStandardTermsInformer as consolidatednonstandardtermsinformer,Consulting as consulting,ConsultingDiscountPercent as consultingdiscountpercent,ContractCommitment as contractcommitment,ContractingCountry as contractingcountry,ContractingCustomer as contractingcustomer,ContractingEntity as contractingentity,ContractingPartner as contractingpartner,ContractProductTableIndicator as contractproducttableindicator,ContractProductTableIndicatorADIR as contractproducttableindicatoradir,ContractStatus as contractstatus,CreateAgreement as createagreement,CreatedByID as createdbyid,CreatedDate as createddate,CreateZAVfor as createzavfor,CreditCheckApprovalStatus as creditcheckapprovalstatus,CurrencyExchangeRateDate as currencyexchangeratedate,CurrencyISO_Code as currencyiso_code,CustomerBusinessNeed as customerbusinessneed,DAT_Region as dat_region,DateUpdateBehavior as dateupdatebehavior,DD_Recommendation as dd_recommendation,DealApprovalRelatedOpportunity as dealapprovalrelatedopportunity,DealComplexityScore as dealcomplexityscore,DealDeskAnalyst as dealdeskanalyst,DealDeskAnalystSupport as dealdeskanalystsupport,DealDeskApproversRoles as dealdeskapproversroles,DealDeskCase as dealdeskcase,DealDeskCaseNumber as dealdeskcasenumber,DealDeskComments as dealdeskcomments,DealDiscountPercent as dealdiscountpercent,DealPeriod as dealperiod,DealRegistrationId as dealregistrationid,DealStatus as dealstatus,Deleted as deleted,Description as description,DigExp503SKU_Count as digexp503sku_count,DigitalExperience as digitalexperience,DigitalMedia as digitalmedia,DisableCartVersioning as disablecartversioning,DiscountPercent as discountpercent,DiscountReason as discountreason,DiscountReasonHistory as discountreasonhistory,ECC_ECM_ContractNumber as ecc_ecm_contractnumber,ECC_SalesOrderNumber as ecc_salesordernumber,EDS_Comments as eds_comments,EstimatedRevenue1 as estimatedrevenue1,EstimatedRevenue2 as estimatedrevenue2,ETLA_Type as etla_type,EU_AU_GoodsandServicesTax as eu_au_goodsandservicestax,EU_TotalFeesManagedServicesADIR as eu_totalfeesmanagedservicesadir,EU_TotalFeesManagedServicesADIR1 as eu_totalfeesmanagedservicesadir1,EU_TotalFeesManagedServicesADUS as eu_totalfeesmanagedservicesadus,EU_TotalFeesManagedServicesADUS1 as eu_totalfeesmanagedservicesadus1,EU_TotalFeesMediaOptimizerADIR as eu_totalfeesmediaoptimizeradir,EU_TotalFeesMediaOptimizerADUS as eu_totalfeesmediaoptimizeradus,EU_TotalFeesOnDemandADIR as eu_totalfeesondemandadir,EU_TotalFeesOnDemandADUS as eu_totalfeesondemandadus,EU_TotalFeesOnPremiseADIR as eu_totalfeesonpremiseadir,EU_TotalFeesOnPremiseADUS as eu_totalfeesonpremiseadus,EU_TotalFeesPrimetimeADIR as eu_totalfeesprimetimeadir,EU_TotalFeesPrimetimeADUS as eu_totalfeesprimetimeadus,EU_TotalFeesProServADIR as eu_totalfeesproservadir,EU_TotalFeesProServADUS as eu_totalfeesproservadus,EU_TotalNetDealValue as eu_totalnetdealvalue,ExistingCustomerTerms as existingcustomerterms,ExpectedEndDate as expectedenddate,ExpectedStartDate as expectedstartdate,ExtraordinaryASV_Impact as extraordinaryasv_impact,ExtraordinaryImpactAmount as extraordinaryimpactamount,FinalApprovalDate as finalapprovaldate,FulfillmentPartner as fulfillmentpartner,FulfillmentPercent as fulfillmentpercent,FulfillmentType as fulfillmenttype,Generate as generate,GenerateCustomerDocuments as generatecustomerdocuments,GeneratePricingTemplate as generatepricingtemplate,Geo as geo,GrandTotal as grandtotal,GuaranteedDeal as guaranteeddeal,HasRenewalTermsFootnote as hasrenewaltermsfootnote,HasServiceOrderDescription as hasserviceorderdescription,ImpactedBU_Queues as impactedbu_queues,ImportOpportunityProducts as importopportunityproducts,IncludeActiveSKUsinCatalog as includeactiveskusincatalog,IncludeRenewalOnlySKUsinCatalog as includerenewalonlyskusincatalog,IncludeSKUsfromMarketSegment as includeskusfrommarketsegment,IncludeSKUsfromSalesOrginCatalog as includeskusfromsalesorgincatalog,IndirectEU_ECM_ContractNumber as indirecteu_ecm_contractnumber,Industry as industry,Intent as intent,InternalDeadline as internaldeadline,InternalNotes as internalnotes,IsAutoAccepted as isautoaccepted,IsEMEA_LATAM as isemea_latam,IsRiskProfileChecklistRequiredHistory as isriskprofilechecklistrequiredhistory,IsRiskProfilingRequired as isriskprofilingrequired,IsSystemGenerated as issystemgenerated,IsTaskPending as istaskpending,Istheriskprofilingchecklistrequired as istheriskprofilingchecklistrequired,IsValidSequentialLiable as isvalidsequentialliable,KPI_ConfiguratorUsed as kpi_configuratorused,KPI_ContractProductTable as kpi_contractproducttable,KPI_ContractProductTableDate as kpi_contractproducttabledate,KPI_ImportOLI as kpi_importoli,KPI_ImportOLI_Date as kpi_importoli_date,KPI_PricingTemplate as kpi_pricingtemplate,KPI_PricingTemplateDate as kpi_pricingtemplatedate,KPI_ProposalApprovalDate as kpi_proposalapprovaldate,KPI_ProposalCreatedDate as kpi_proposalcreateddate,LastActivityDate as lastactivitydate,LastCreditCheckDate as lastcreditcheckdate,LastModifiedByID as lastmodifiedbyid,LastModifiedDate as lastmodifieddate,LastReferencedDate as lastreferenceddate,LastViewedDate as lastvieweddate,LegalAssistanceComments as legalassistancecomments,LegalLocalizedTerms as legallocalizedterms,LegalOwner as legalowner,LicensingProgram as licensingprogram,LicensingProgram1 as licensingprogram1,LicensingProgramType as licensingprogramtype,LineCountManagedServicesADIR as linecountmanagedservicesadir,LineCountManagedServicesADUS as linecountmanagedservicesadus,LineCountMediaOptimizerADIR as linecountmediaoptimizeradir,LineCountMediaOptimizerADUS as linecountmediaoptimizeradus,LineCountOnDemandADIR as linecountondemandadir,LineCountOnDemandADUS as linecountondemandadus,LineCountOnPremiseADIR as linecountonpremiseadir,LineCountOnPremiseADUS as linecountonpremiseadus,LineCountPrimetimeADIR as linecountprimetimeadir,LineCountPrimetimeADUS as linecountprimetimeadus,LineCountProfessionalServicesADIR as linecountprofessionalservicesadir,LineCountProfessionalServicesADUS as linecountprofessionalservicesadus,LinkedID_Details as linkedid_details,LinkedOpportunityId as linkedopportunityid,LinkID_Type as linkid_type,LinkOpportunities as linkopportunities,ListofPMBU_HistoryTracking as listofpmbu_historytracking,LT_CaseNumber as lt_casenumber,LT_CaseStatus as lt_casestatus,MajorLicenseProgramCLP as majorlicenseprogramclp,MajorLicenseProgramETLA as majorlicenseprogrametla,MajorLicenseProgramFLP as majorlicenseprogramflp,MajorLicenseProgramOther as majorlicenseprogramother,MajorLicenseProgramSAAS as majorlicenseprogramsaas,MajorLicenseProgramTLP as majorlicenseprogramtlp,MakePrimary as makeprimary,MAndS_DiscountPercent as mands_discountpercent,MAndS_MAndSorStandaloneSupport as mands_mandsorstandalonesupport,ManualProvisionedPLI as manualprovisionedpli,ManualProvisioningCounter as manualprovisioningcounter,Margin as margin,MarketSegment as marketsegment,MarketSegmentOverride as marketsegmentoverride,MergeDocuments as mergedocuments,MultiSolutionDealApproval as multisolutiondealapproval,ND_EU_TotalFeesMediaOptimizerADIR as nd_eu_totalfeesmediaoptimizeradir,ND_EU_TotalFeesMediaOptimizerADUS as nd_eu_totalfeesmediaoptimizeradus,ND_EU_TotalFeesMS_ADIR as nd_eu_totalfeesms_adir,ND_EU_TotalFeesMS_ADUS as nd_eu_totalfeesms_adus,ND_EU_TotalFeesOnDemandADIR as nd_eu_totalfeesondemandadir,ND_EU_TotalFeesOnDemandADUS as nd_eu_totalfeesondemandadus,ND_EU_TotalFeesOnPremiseADIR as nd_eu_totalfeesonpremiseadir,ND_EU_TotalFeesOnPremiseADUS as nd_eu_totalfeesonpremiseadus,ND_EU_TotalFeesPrimetimeADIR as nd_eu_totalfeesprimetimeadir,ND_EU_TotalFeesPrimetimeADUS as nd_eu_totalfeesprimetimeadus,ND_EU_TotalFeesProServADIR as nd_eu_totalfeesproservadir,ND_EU_TotalFeesProServADUS as nd_eu_totalfeesproservadus,ND_EU_TotalNetDealValue as nd_eu_totalnetdealvalue,ND_TotalFeesAddendumAMO_ADIR as nd_totalfeesaddendumamo_adir,ND_TotalFeesAddendumAMO_ADUS as nd_totalfeesaddendumamo_adus,ND_TotalFeesAddendumMS_ADIR as nd_totalfeesaddendumms_adir,ND_TotalFeesAddendumMS_ADUS as nd_totalfeesaddendumms_adus,ND_TotalFeesAddendumOnDemandADIR as nd_totalfeesaddendumondemandadir,ND_TotalFeesAddendumOnDemandADUS as nd_totalfeesaddendumondemandadus,ND_TotalFeesAddendumOnPremiseADIR as nd_totalfeesaddendumonpremiseadir,ND_TotalFeesAddendumOnPremiseADUS as nd_totalfeesaddendumonpremiseadus,ND_TotalFeesAddendumPrimetimeADIR as nd_totalfeesaddendumprimetimeadir,ND_TotalFeesAddendumPrimetimeADUS as nd_totalfeesaddendumprimetimeadus,ND_TotalFeesDeltaMediaOptimizerADIR as nd_totalfeesdeltamediaoptimizeradir,ND_TotalFeesDeltaMediaOptimizerADUS as nd_totalfeesdeltamediaoptimizeradus,ND_TotalFeesDeltaMS_ADIR as nd_totalfeesdeltams_adir,ND_TotalFeesDeltaMS_ADUS as nd_totalfeesdeltams_adus,ND_TotalFeesDeltaOnDemandADIR as nd_totalfeesdeltaondemandadir,ND_TotalFeesDeltaOnDemandADUS as nd_totalfeesdeltaondemandadus,ND_TotalFeesDeltaOnPremiseADIR as nd_totalfeesdeltaonpremiseadir,ND_TotalFeesDeltaOnPremiseADUS as nd_totalfeesdeltaonpremiseadus,ND_TotalFeesDeltaPrimetimeADIR as nd_totalfeesdeltaprimetimeadir,ND_TotalFeesDeltaPrimetimeADUS as nd_totalfeesdeltaprimetimeadus,ND_TotalFeesManagedServicesADIR as nd_totalfeesmanagedservicesadir,ND_TotalFeesManagedServicesADUS as nd_totalfeesmanagedservicesadus,ND_TotalFeesMediaOptimizerADIR as nd_totalfeesmediaoptimizeradir,ND_TotalFeesMediaOptimizerADUS as nd_totalfeesmediaoptimizeradus,ND_TotalFeesOnDemandADIR as nd_totalfeesondemandadir,ND_TotalFeesOnDemandADUS as nd_totalfeesondemandadus,ND_TotalFeesOnPremiseADIR as nd_totalfeesonpremiseadir,ND_TotalFeesOnPremiseADUS as nd_totalfeesonpremiseadus,ND_TotalFeesPrimetimeADIR as nd_totalfeesprimetimeadir,ND_TotalFeesPrimetimeADUS as nd_totalfeesprimetimeadus,ND_TotalFeesProServADIR as nd_totalfeesproservadir,ND_TotalFeesProServADUS as nd_totalfeesproservadus,ND_TotalNetDealValue as nd_totalnetdealvalue,NetAmount as netamount,NonStandardCustomTermsRequest as nonstandardcustomtermsrequest,NonStdLicensinghistory as nonstdlicensinghistory,NonStdPaymentorBillingTerms as nonstdpaymentorbillingterms,NonStdPaymentorBillingTermshistory as nonstdpaymentorbillingtermshistory,NonStdProSvcs as nonstdprosvcs,NonStdProSvcsTermshistory as nonstdprosvcstermshistory,NonStdSupport as nonstdsupport,NonStdSupportTermshistory as nonstdsupporttermshistory,OM_AdhocReviewCompletedby as om_adhocreviewcompletedby,OM_AnalystComments as om_analystcomments,OM_GroupDigitalMarketingCount as om_groupdigitalmarketingcount,OM_GroupDigitalMediaCount as om_groupdigitalmediacount,OM_GroupTubeMogulCount as om_grouptubemogulcount,OM_PeerReviewCompletedBy as om_peerreviewcompletedby,OM_PreWorkGroup as om_preworkgroup,OM_PreWorkIssueClassification as om_preworkissueclassification,OM_PreWorkReviewCompletedOn as om_preworkreviewcompletedon,OM_RepAssignment as om_repassignment,OM_RepOverride as om_repoverride,Opportunity as opportunity,OpportunityCloseDate as opportunityclosedate,OpportunityDealType as opportunitydealtype,OpportunityOwner as opportunityowner,OpportunityOwner1 as opportunityowner1,OpportunityOwnerEmail as opportunityowneremail,OpportunityRouteToMarket as opportunityroutetomarket,OpportunityStage as opportunitystage,OtherApprovals as otherapprovals,OtherNonStdTerms as othernonstdterms,OtherNonStdTermsHistory as othernonstdtermshistory,OtherSolutions as othersolutions,OutlookProductGroup as outlookproductgroup,OwnerID as ownerid,ParentQuoteProposal as parentquoteproposal,Partner as partner,PartnerComplianceReview as partnercompliancereview,PartnerComplianceReviewold as partnercompliancereviewold,PaymentTerm as paymentterm,PlatformAccountId as platformaccountid,PO_Comnments as po_comnments,PO_Date as po_date,PO_Number as po_number,PO_Required as po_required,PostSales as postsales,Present as present,PresentedDate as presenteddate,Preview as preview,PricingAndFutureRevenueImpact as pricingandfuturerevenueimpact,PricingApprovalRules as pricingapprovalrules,PricingDate as pricingdate,[Primary] as [primary],PrimaryContact as primarycontact,PrimarySalesOrg as primarysalesorg,PrintAndPublishing as printandpublishing,ProductSpecific as productspecific,ProfessionalServices as professionalservices,ProfessionalServicesNonStandard as professionalservicesnonstandard,ProposalApprovalDate as proposalapprovaldate,ProposalCategory as proposalcategory,ProposalCombinesMultipleOpportunities as proposalcombinesmultipleopportunities,ProposalCreationtoApprovalAgeDays as proposalcreationtoapprovalagedays,ProposalExpirationDate as proposalexpirationdate,ProposalId as proposalid,ProposalModifiesActiveSO as proposalmodifiesactiveso,ProposalName as proposalname,PublishingAndAdCloud as publishingandadcloud,PurchaseIdentifier as purchaseidentifier,QTC_Profile as qtc_profile,QuoteContact1 as quotecontact1,QuoteContact2 as quotecontact2,QuoteDiscountTier as quotediscounttier,QuoteTypeString as quotetypestring,QuoteValidUntilDate as quotevaliduntildate,RawTotalMAndS_Discount as rawtotalmands_discount,RawTotalNetConsultingValue as rawtotalnetconsultingvalue,RawTotalNetDealValue as rawtotalnetdealvalue,RawTotalNetTrainingValue as rawtotalnettrainingvalue,ReadyForActivationDate as readyforactivationdate,ReadyForBillingDate as readyforbillingdate,ReadyForFulfillmentDate as readyforfulfillmentdate,ReadyForRevenueRecognitionDate as readyforrevenuerecognitiondate,ReadyToGenerate as readytogenerate,ReadyToPresent as readytopresent,ReceivedConnectionID as receivedconnectionid,RecordID as recordid,RecordTypeID as recordtypeid,RelatedQuoteProposal as relatedquoteproposal,RenewalType as renewaltype,ReportableLastmodifieddate as reportablelastmodifieddate,ReportableStatusHistory as reportablestatushistory,RequestApproval as requestapproval,RequestLegalAssistance as requestlegalassistance,RequireNonStdLicensingApproval as requirenonstdlicensingapproval,RequireNonStdPaymentBillingApproval as requirenonstdpaymentbillingapproval,RequireReApproval1 as requirereapproval1,RequireReApproval4 as requirereapproval4,RequireReApproval5 as requirereapproval5,RequireReApprovalNonStdProSvcs as requirereapprovalnonstdprosvcs,ResellerPO_Number as resellerpo_number,RevAssuranceReview as revassurancereview,RevAssuranceReviewhistory as revassurancereviewhistory,RFP_IntakeDate as rfp_intakedate,RFP_ResponseDueDate as rfp_responseduedate,RFP_Stage as rfp_stage,RFP_Value as rfp_value,RiskAssociatedwithDeal as riskassociatedwithdeal,RiskFactors as riskfactors,RollUpSummary as rollupsummary,RouteToMarket1 as routetomarket1,RoutetoMarket2 as routetomarket2,SalesApproversRoles as salesapproversroles,SalesCampaign as salescampaign,SalesOrg as salesorg,SalesTaxAmount as salestaxamount,SalesTaxPercent as salestaxpercent,SelectedRecords as selectedrecords,SellingPartner as sellingpartner,SendProposal as sendproposal,SentConnectionID as sentconnectionid,SequentialLiability as sequentialliability,ServiceEndDate as serviceenddate,ServiceStartDate as servicestartdate,ShippingAndHandling as shippingandhandling,ShipTo as shipto,SingleTransactionAdjustment as singletransactionadjustment,SO_PaymentTerms as so_paymentterms,SoldtoRegion as soldtoregion,SourceChannel as sourcechannel,SpecialTerms as specialterms,StrategicImportance as strategicimportance,SubmitForApproval as submitforapproval,SubRegion as subregion,SubRegionCopy as subregioncopy,Support as support,SyncAssetChangesToQuote as syncassetchangestoquote,SynchronizeEntryCriteria as synchronizeentrycriteria,SynchronizewithOpportunity as synchronizewithopportunity,SynchronizewithOpportunity1 as synchronizewithopportunity1,SystemModstamp as systemmodstamp,TotalConsultingAdjustment as totalconsultingadjustment,TotalConsultingDiscount as totalconsultingdiscount,TotalDealAdjustment as totaldealadjustment,TotalDealDiscount as totaldealdiscount,TotalExtendedPrice as totalextendedprice,TotalExtendedPricecnvrt as totalextendedpricecnvrt,TotalFeesAddendum as totalfeesaddendum,TotalFeesAddendumMediaOptimizerADIR as totalfeesaddendummediaoptimizeradir,TotalFeesAddendumMediaOptimizerADUS as totalfeesaddendummediaoptimizeradus,TotalFeesAddendumMS_ADIR as totalfeesaddendumms_adir,TotalFeesAddendumMS_ADUS as totalfeesaddendumms_adus,TotalFeesAddendumOnDemandADIR as totalfeesaddendumondemandadir,TotalFeesAddendumOnDemandADUS as totalfeesaddendumondemandadus,TotalFeesAddendumOnPremiseADIR as totalfeesaddendumonpremiseadir,TotalFeesAddendumOnPremiseADUS as totalfeesaddendumonpremiseadus,TotalFeesAddendumPrimetimeADIR as totalfeesaddendumprimetimeadir,TotalFeesAddendumPrimetimeADUS as totalfeesaddendumprimetimeadus,TotalFeesDeltaMediaOptimizerADIR as totalfeesdeltamediaoptimizeradir,TotalFeesDeltaMediaOptimizerADUS as totalfeesdeltamediaoptimizeradus,TotalFeesDeltaMS_ADIR as totalfeesdeltams_adir,TotalFeesDeltaMS_ADUS as totalfeesdeltams_adus,TotalFeesDeltaOnDemandADIR as totalfeesdeltaondemandadir,TotalFeesDeltaOnDemandADUS as totalfeesdeltaondemandadus,TotalFeesDeltaOnPremiseADIR as totalfeesdeltaonpremiseadir,TotalFeesDeltaOnPremiseADUS as totalfeesdeltaonpremiseadus,TotalFeesDeltaPrimetimeADIR as totalfeesdeltaprimetimeadir,TotalFeesDeltaPrimetimeADUS as totalfeesdeltaprimetimeadus,TotalFeesJapaneseTax as totalfeesjapanesetax,TotalFeesM_AndS as totalfeesm_ands,TotalFeesManagedServices as totalfeesmanagedservices,TotalFeesManagedServicesADIR as totalfeesmanagedservicesadir,TotalFeesManagedServicesADUS as totalfeesmanagedservicesadus,TotalFeesMediaandOther as totalfeesmediaandother,TotalFeesMediaOptimizerADIR as totalfeesmediaoptimizeradir,TotalFeesMediaOptimizerADUS as totalfeesmediaoptimizeradus,TotalFeesOnDemand as totalfeesondemand,TotalFeesOnDemandADIR as totalfeesondemandadir,TotalFeesOnDemandADUS as totalfeesondemandadus,TotalFeesOnPremiseADIR as totalfeesonpremiseadir,TotalFeesOnPremiseADUS as totalfeesonpremiseadus,TotalFeesOnPremisePerpetual as totalfeesonpremiseperpetual,TotalFeesOnPremiseTerm as totalfeesonpremiseterm,TotalFeesPrimetimeADIR as totalfeesprimetimeadir,TotalFeesPrimetimeADUS as totalfeesprimetimeadus,TotalFeesProServADIR as totalfeesproservadir,TotalFeesProServADUS as totalfeesproservadus,TotalFeesProServConsulting as totalfeesproservconsulting,TotalFeesProServImplementation as totalfeesproservimplementation,TotalFeesProServTraining as totalfeesproservtraining,TotalGrossConsultingValue as totalgrossconsultingvalue,TotalGrossM_AndS_Value as totalgrossm_ands_value,TotalGrossManagedServices as totalgrossmanagedservices,TotalGrossMAndS as totalgrossmands,TotalGrossMediaandOther as totalgrossmediaandother,TotalGrossOnDemand as totalgrossondemand,TotalGrossOnPremisePerpetual as totalgrossonpremiseperpetual,TotalGrossOnPremiseTerm as totalgrossonpremiseterm,TotalGrossProServConsulting as totalgrossproservconsulting,TotalGrossProServImplementation as totalgrossproservimplementation,TotalGrossProServTraining as totalgrossproservtraining,TotalGrossTrainingValue as totalgrosstrainingvalue,TotalGrossValue as totalgrossvalue,TotalIR_ManagedServices as totalir_managedservices,TotalIR_OnDemand as totalir_ondemand,TotalIR_OnPremise as totalir_onpremise,TotalIR_ProfessionalServices as totalir_professionalservices,TotalMAndS_Adjustment as totalmands_adjustment,TotalMAndS_AdjustmentAutoApproval as totalmands_adjustmentautoapproval,TotalMAndS_Discount as totalmands_discount,TotalMAndS_NetValue as totalmands_netvalue,TotalNetConsultingValue as totalnetconsultingvalue,TotalNetConsultingValueUSD as totalnetconsultingvalueusd,TotalNetDealValue as totalnetdealvalue,TotalNetDealValueGST as totalnetdealvaluegst,TotalNetDealValueUSD as totalnetdealvalueusd,TotalNetTrainingValue as totalnettrainingvalue,TotalNetTrainingValueUSD as totalnettrainingvalueusd,TotalProposalLineItemsCount as totalproposallineitemscount,TotalTrainingAdjustment as totaltrainingadjustment,TotalTrainingDiscount as totaltrainingdiscount,TotalUS_ManagedServices as totalus_managedservices,TotalUS_OnDemand as totalus_ondemand,TotalUS_OnPremise as totalus_onpremise,TotalUS_ProfessionalServices as totalus_professionalservices,Training as training,TrainingDiscountPercent as trainingdiscountpercent,TreatasStateOwnedEntitySOE_Gov as treatasstateownedentitysoe_gov,TrueUpUpload as trueupupload,TubeMogulAccountID as tubemogulaccountid,UseType as usetype,ValidUntilDate as validuntildate,WhyShouldAdobedothisDeal as whyshouldadobedothisdeal,ZAV_CalloutResponseMessages as zav_calloutresponsemessages,ZAV_QuoteNumber as zav_quotenumber,CONVERT(varchar,CONVERT(date,CURRENT_TIMESTAMP)) as as_of_date from REPLICN_SF_CORP.UDA.vw_ApttusProposalProposal where ([Opportunity] IS NOT NULL or [DealRegistrationId] IS NOT NULL) AND [Primary] = 'true' ) vw_ApttusProposalProposal",         "schemaName": "UDA",         "hostName": "10.50.217.133",         "port": "1433",         "username": "spark.sqlserver.username",         "password": "spark.sqlserver.password",         "cdc_expr": "",         "select_column": ""       },       "runtime": {         "sc.fetchSize": "200",         "nor.conf.conn.url.suffix": "authenticationScheme=NTLM;integratedSecurity=true;domain=adobenet"       }     }   },   "target": {     "type": "adls",     "conf": {       "static": {         "path": "abfs://or1-prod-data@azr6665prddpaasb2bdna.dfs.core.windows.net/user/hive/warehouse/b2bdna/b2b.db/uda_replicn_sf_corp_uda_vw_apttusproposalproposal",         "write_mode": "overwrite",         "update_key": "",         "partition_column": "",         "format": {           "type": "parquet"         }       },       "runtime": {}     }   } }