{   "source": {     "type": "sqlserver",     "conf": {       "static": {         "community": "SQL Server",         "database_name": "REPLICN_SF_CORP",         "table_name": "(select  Opportunity AS opportunity,SalesTeamMember AS salesteammember,SubTerritory as subterritory,SubRegion as subregion,MajorRevenueType as majorrevenuetype,MOPG1 as mopg1,AdobeRole as adoberole,GlobalRegion as globalregion,cast(ReportableAmount as decimal(18,3)) as reportableamount,Region as region,OutlookProductGroup as outlookproductgroup,ProductLineitemID as productlineitemid,CompProductMap as compproductmap,ProductonLine as productonline,cast(UsageBasedBookings as decimal(18,3)) as usagebasedbookings,cast(UsageBasedBookingsUSD as decimal(18,3)) as usagebasedbookingsusd,cast(UsageBasedBookingsUSD_Adj as decimal(18,3)) as usagebasedbookingsusd_adj,cast(AssignedASV_GrowthFX_Neutral as decimal(18,3)) as assignedASV_growthFX_neutral,'D' AS flag,CONVERT(varchar,CONVERT(date,CURRENT_TIMESTAMP)) as as_of_date FROM REPLICN_SF_CORP.uda.vw_adobeproducttosalesteamassignment) vw_adobeproducttosalesteamassignment",         "schemaName": "uda",         "hostName": "10.50.217.133",         "port": "1433",         "username": "spark.sqlserver.username",         "password": "spark.sqlserver.password",         "cdc_expr": "",         "select_column": ""       },       "runtime": {         "sc.fetchSize": "200",         "nor.conf.conn.url.suffix": "authenticationScheme=NTLM;integratedSecurity=true;domain=adobenet"       }     }   },   "target": {     "type": "adls",     "conf": {       "static": {         "path": "abfs://or1-prod-data@azr6665prddpaasb2bdna.dfs.core.windows.net/user/hive/warehouse/b2bdna/b2b.db/uda_replicn_sf_corp_uda_vw_adobeproducttosalesteamassignment",         "write_mode": "overwrite",         "update_key": "",         "partition_column": "flag,as_of_date",         "format": {           "type": "parquet"         }       },       "runtime": {}     }   } }