{   "source": {     "type": "sqlserver",     "conf": {       "static": {         "community": "SQL Server",         "database_name": "REPLICN_SF_CORP",         "table_name": "(select [AccountName] AS [accountname],[Id] AS [id],[DMeAccountGroup] AS [dmeaccountgroup],[CSAM] AS [csam],[CSAM_AssignmentDate] AS [csam_assignmentdate],[CSAM_Manager] AS [csam_manager],[CSAM_Territory] AS [csam_territory],[CSM_Priority] AS [csm_priority],[StandardizedParentID] AS [standardizedparentid],[StandardizedParent] AS [standardizedparent],[StandardizedSubID] AS [standardizedsubid],[StandardizedSub] AS [standardizedsub],[Country] AS [country],[CAM_ID] AS [cam_id],[City] AS [city],[CityStateCountry] AS [citystatecountry],[CPQ_MarketSegment] AS [cpq_marketsegment],[CreatedDate] AS [createddate],[DAndB_AnnualRevenue] AS [dandb_annualrevenue],[DAndB_Industry] AS [dandb_industry],[DAndB_IndustryName] AS [dandb_industryname],[DAndB_NumberofEmployees] AS [dandb_numberofemployees],[DomainName] AS [domainname],[DomesticUltimateBusinessName] AS [domesticultimatebusinessname],[DomesticUltimateDUNS_Number] AS [domesticultimateduns_number],[DUNS_Number] AS [duns_number],[EmployeeRange] AS [employeerange],[Geo] AS [geo],[Industry] AS [industry],[IndustryCategory] AS [industrycategory],[MarketArea] AS [marketarea],[ProductionAccountID] AS [productionaccountid],[Region] AS [region],[ReportingPartnerParentAccount] AS [reportingpartnerparentaccount],[SalesDistrict] AS [salesdistrict],[SalesRegion] AS [salesregion],[Street] AS [street],[SubMarketArea] AS [submarketarea],cast([TotalOpportunityCount] as DECIMAL(18,0)) AS [totalopportunitycount],cast([TotalOpportunityCountOpen] as DECIMAL(18,0)) AS [totalopportunitycountopen],[WebDomain] AS [webdomain],[Website] AS [website],[ZipPostalCode] AS [zippostalcode],[OwnerID] AS [ownerid],[ValidatedBillingCountry] as [validatedbillingcountry],'D' AS flag,CONVERT(varchar,CONVERT(date,CURRENT_TIMESTAMP)) as as_of_date from REPLICN_SF_CORP.uda.vw_account) vw_account",         "schemaName": "uda",         "hostName": "10.50.217.133",         "port": "1433",         "username": "spark.sqlserver.username",         "password": "spark.sqlserver.password",         "cdc_expr": "",         "select_column": ""       },       "runtime": {         "sc.fetchSize": "200",         "nor.conf.conn.url.suffix": "authenticationScheme=NTLM;integratedSecurity=true;domain=adobenet"       }     }   },   "target": {     "type": "adls",     "conf": {       "static": {         "path": "abfs://or1-prod-data@azr6665prddpaasb2bdna.dfs.core.windows.net/user/hive/warehouse/b2bdna/b2b.db/uda_replicn_sf_corp_uda_vw_account",         "write_mode": "overwrite",         "update_key": "",         "partition_column": "flag,as_of_date",         "format": {           "type": "parquet"         }       },       "runtime": {}     }   } }