{   "source": {     "type": "sqlserver",     "conf": {       "static": {         "community": "SQL Server",         "database_name": "REPLICN_SF_CORP",         "table_name": "(select cast(AddedValue as VARCHAR) as AddedValue,cast(AdditionalText as VARCHAR) as AdditionalText,cast(AdjustedPrice as DECIMAL(18,5)) as AdjustedPrice,cast(AdjustmentAmount as DECIMAL(18,5)) as AdjustmentAmount,cast(AdjustmentPercent as DECIMAL(18,2)) as AdjustmentPercent,cast(AdjustmentTotalFees as DECIMAL(18,3)) as AdjustmentTotalFees,cast(AdjustmentType as VARCHAR) as AdjustmentType,cast(AdjustmentUnitPrice as DECIMAL(18,3)) as AdjustmentUnitPrice,cast(AdobeListPrice as DECIMAL(18,3)) as AdobeListPrice,cast(AdobeSKU as VARCHAR) as AdobeSKU,cast(ApprovalStatus as VARCHAR) as ApprovalStatus,cast(Asset as VARCHAR) as Asset,cast(AttributeValue as VARCHAR) as AttributeValue,cast(AutoActivateOrder as VARCHAR) as AutoActivateOrder,cast(AutoCreateBill as VARCHAR) as AutoCreateBill,cast(AutoCreateRevenue as VARCHAR) as AutoCreateRevenue,cast(AutoRenew as VARCHAR) as AutoRenew,cast(AutoRenewalTerm as DECIMAL(18,0)) as AutoRenewalTerm,cast(AutoRenewalType as VARCHAR) as AutoRenewalType,cast(B_P_InAdvance as VARCHAR) as B_P_InAdvance,cast(BaseCost as DECIMAL(18,5)) as BaseCost,cast(BaseCostOverride as DECIMAL(18,5)) as BaseCostOverride,cast(BaseExtendedCost as DECIMAL(18,5)) as BaseExtendedCost,cast(BaseExtendedPrice as DECIMAL(18,5)) as BaseExtendedPrice,cast(BasePrice as DECIMAL(18,5)) as BasePrice,cast(BasePriceMethod as VARCHAR) as BasePriceMethod,cast(BasePriceOverride as DECIMAL(18,5)) as BasePriceOverride,cast(BaseProduct as VARCHAR) as BaseProduct,cast(BillingCycle as VARCHAR) as BillingCycle,cast(BillingCycleFrench as VARCHAR) as BillingCycleFrench,cast(BillingCycleGerman as VARCHAR) as BillingCycleGerman,cast(BillingCycleJapanese as VARCHAR) as BillingCycleJapanese,cast(BillingFrequency as VARCHAR) as BillingFrequency,cast(BillingLineId as VARCHAR) as BillingLineId,cast(BillingRule as VARCHAR) as BillingRule,cast(BillTo as VARCHAR) as BillTo,cast(BusinessUnit as VARCHAR) as BusinessUnit,cast(CampaignChannels as VARCHAR) as CampaignChannels,cast(CampaignInstanceLanguage as VARCHAR) as CampaignInstanceLanguage,cast(CampaignURL as VARCHAR) as CampaignURL,cast(CategoryHierarchy as VARCHAR) as CategoryHierarchy,cast(CC_CI_Exception as VARCHAR) as CC_CI_Exception,cast(ChargeType as VARCHAR) as ChargeType,cast(Comments as VARCHAR) as Comments,cast(CommitmentQuantity as DECIMAL(18,5)) as CommitmentQuantity,cast(ConditionType as VARCHAR) as ConditionType,cast(ContractNumbers as VARCHAR) as ContractNumbers,cast(ContractProductTableNetPrice as DECIMAL(18,2)) as ContractProductTableNetPrice,cast(ContractProductTableTotalFee as DECIMAL(18,2)) as ContractProductTableTotalFee,cast(ConvertedUnitPriceDiscount as DECIMAL(18,3)) as ConvertedUnitPriceDiscount,cast(Cost as DECIMAL(18,5)) as Cost,cast(CouponCode as VARCHAR) as CouponCode,cast(CreatedByID as VARCHAR) as CreatedByID,CreatedDate as CreatedDate,cast(CurrencyISO_Code as VARCHAR) as CurrencyISO_Code,cast(DataConnectorPartner as VARCHAR) as DataConnectorPartner,cast(DateUpdateBehavior as VARCHAR) as DateUpdateBehavior,cast(DateUpdateBehaviorOverride as VARCHAR) as DateUpdateBehaviorOverride,cast(Deleted as VARCHAR) as Deleted,cast(DeltaPrice as DECIMAL(18,5)) as DeltaPrice,cast(DeltaQuantity as DECIMAL(18,5)) as DeltaQuantity,cast(DeploymentMethod as VARCHAR) as DeploymentMethod,cast(Description as VARCHAR) as Description,cast(DesignatedSecOverusageRate as DECIMAL(18,2)) as DesignatedSecOverusageRate,DiscontinueDate as DiscontinueDate,cast(DSP_Identifier as VARCHAR) as DSP_Identifier,cast(ECC_ItemNumber as VARCHAR) as ECC_ItemNumber,EndDate as EndDate,cast(EndUserTotalFees as DECIMAL(18,2)) as EndUserTotalFees,cast(EndUserTotalFeesFF as DECIMAL(18,2)) as EndUserTotalFeesFF,cast(EndUserUnitPrice as DECIMAL(18,2)) as EndUserUnitPrice,cast(EndUserUnitPriceFF as DECIMAL(18,2)) as EndUserUnitPriceFF,cast(EntitlementCompositeId as VARCHAR) as EntitlementCompositeId,cast(EU_TemplateFormattedUnitPrice as VARCHAR) as EU_TemplateFormattedUnitPrice,cast(EU_TemplateFormattedUnitPriceFrench as VARCHAR) as EU_TemplateFormattedUnitPriceFrench,cast(EU_TemplateFormattedUnitPriceGerman as VARCHAR) as EU_TemplateFormattedUnitPriceGerman,cast(EU_TotalFeesManagedServicesADIR as DECIMAL(18,2)) as EU_TotalFeesManagedServicesADIR,cast(EU_TotalFeesManagedServicesADUS as DECIMAL(18,2)) as EU_TotalFeesManagedServicesADUS,cast(EU_TotalFeesMediaOptimizerADIR as DECIMAL(18,2)) as EU_TotalFeesMediaOptimizerADIR,cast(EU_TotalFeesMediaOptimizerADUS as DECIMAL(18,2)) as EU_TotalFeesMediaOptimizerADUS,cast(EU_TotalFeesOnDemandADIR as DECIMAL(18,2)) as EU_TotalFeesOnDemandADIR,cast(EU_TotalFeesOnDemandADUS as DECIMAL(18,2)) as EU_TotalFeesOnDemandADUS,cast(EU_TotalFeesOnPremiseADIR as DECIMAL(18,2)) as EU_TotalFeesOnPremiseADIR,cast(EU_TotalFeesOnPremiseADUS as DECIMAL(18,2)) as EU_TotalFeesOnPremiseADUS,cast(EU_TotalFeesPrimetimeADIR as DECIMAL(18,2)) as EU_TotalFeesPrimetimeADIR,cast(EU_TotalFeesPrimetimeADUS as DECIMAL(18,2)) as EU_TotalFeesPrimetimeADUS,cast(EU_TotalFeesProServADIR as DECIMAL(18,2)) as EU_TotalFeesProServADIR,cast(EU_TotalFeesProServADUS as DECIMAL(18,2)) as EU_TotalFeesProServADUS,cast(ExtendedCost as DECIMAL(18,5)) as ExtendedCost,cast(ExtendedDescription as VARCHAR) as ExtendedDescription,cast(ExtendedPrice as DECIMAL(18,5)) as ExtendedPrice,cast(ExtendedQuantity as DECIMAL(18,5)) as ExtendedQuantity,cast(ExtNetPrice as DECIMAL(18,2)) as ExtNetPrice,cast(ExtPrice as DECIMAL(18,2)) as ExtPrice,cast(FeeCalculation as VARCHAR) as FeeCalculation,cast(FlagManagedServicesADIR as DECIMAL(18,0)) as FlagManagedServicesADIR,cast(FlagManagedServicesADUS as DECIMAL(18,0)) as FlagManagedServicesADUS,cast(FlagMediaOptimizerADIR as DECIMAL(18,0)) as FlagMediaOptimizerADIR,cast(FlagMediaOptimizerADUS as DECIMAL(18,0)) as FlagMediaOptimizerADUS,cast(FlagOnDemandADIR as DECIMAL(18,0)) as FlagOnDemandADIR,cast(FlagOnDemandADUS as DECIMAL(18,0)) as FlagOnDemandADUS,cast(FlagOnPremiseADIR as DECIMAL(18,0)) as FlagOnPremiseADIR,cast(FlagOnPremiseADUS as DECIMAL(18,0)) as FlagOnPremiseADUS,cast(FlagPrimetimeADIR as DECIMAL(18,0)) as FlagPrimetimeADIR,cast(FlagPrimetimeADUS as DECIMAL(18,0)) as FlagPrimetimeADUS,cast(FlagProfessionalServicesADIR as DECIMAL(18,0)) as FlagProfessionalServicesADIR,cast(FlagProfessionalServicesADUS as DECIMAL(18,0)) as FlagProfessionalServicesADUS,cast(FlatOptionPrice as DECIMAL(18,5)) as FlatOptionPrice,cast(FootnoteDescription as VARCHAR) as FootnoteDescription,cast(FootnoteDescriptionFrench as VARCHAR) as FootnoteDescriptionFrench,cast(FootnoteDescriptionGerman as VARCHAR) as FootnoteDescriptionGerman,cast(FootnoteDescriptionJapanese as VARCHAR) as FootnoteDescriptionJapanese,cast(FootnoteProductGroup as VARCHAR) as FootnoteProductGroup,cast(FulfilledQuantity as DECIMAL(18,5)) as FulfilledQuantity,cast(FulfillmentPercent as DECIMAL(18,0)) as FulfillmentPercent,cast(FulfillmentStatus as VARCHAR) as FulfillmentStatus,cast(GrossValue as DECIMAL(18,3)) as GrossValue,cast(GrossValueConsulting as DECIMAL(18,3)) as GrossValueConsulting,cast(GrossValueImplementation as DECIMAL(18,3)) as GrossValueImplementation,cast(GrossValueManagedServices as DECIMAL(18,3)) as GrossValueManagedServices,cast(GrossValueMAndS as DECIMAL(18,3)) as GrossValueMAndS,cast(GrossValueMediaandOther as DECIMAL(18,3)) as GrossValueMediaandOther,cast(GrossValueOnDemand as DECIMAL(18,3)) as GrossValueOnDemand,cast(GrossValueOnPremisePerpetual as DECIMAL(18,3)) as GrossValueOnPremisePerpetual,cast(GrossValueOnPremiseTerm as DECIMAL(18,3)) as GrossValueOnPremiseTerm,cast(GrossValueTraining as DECIMAL(18,3)) as GrossValueTraining,cast(GroupAdjustmentPercent as DECIMAL(18,4)) as GroupAdjustmentPercent,cast(Guidance as VARCHAR) as Guidance,cast(HasAttributes as VARCHAR) as HasAttributes,cast(HasFootnoteDescription as DECIMAL(18,0)) as HasFootnoteDescription,cast(HasIncentives as VARCHAR) as HasIncentives,cast(HasOptions as VARCHAR) as HasOptions,cast(HasRenewalTermsFootnote as DECIMAL(18,0)) as HasRenewalTermsFootnote,cast(HasServiceOrderDescription as DECIMAL(18,0)) as HasServiceOrderDescription,cast(HideInvoiceDisplay as VARCHAR) as HideInvoiceDisplay,cast(HistoricSalesDocuments as VARCHAR) as HistoricSalesDocuments,cast(ImageHostingLimitGB as DECIMAL(18,0)) as ImageHostingLimitGB,cast(ImplementationPeriod as VARCHAR) as ImplementationPeriod,cast(Incentive as INT) as Incentive,cast(IncentiveAdjustmentAmount as DECIMAL(18,5)) as IncentiveAdjustmentAmount,cast(IncentiveCode as VARCHAR) as IncentiveCode,cast(IncentiveExtendedPrice as DECIMAL(18,5)) as IncentiveExtendedPrice,cast(IncentiveType as VARCHAR) as IncentiveType,cast(IndexLimit as VARCHAR) as IndexLimit,cast(InitialTermMonths as DECIMAL(18,8)) as InitialTermMonths,cast(InitialTerms as DECIMAL(18,4)) as InitialTerms,cast(InvoiceBlockRemoved as VARCHAR) as InvoiceBlockRemoved,cast(IO_LineDescription as VARCHAR) as IO_LineDescription,cast(IR_ManagedServices as DECIMAL(18,0)) as IR_ManagedServices,cast(IR_OnDemand as DECIMAL(18,0)) as IR_OnDemand,cast(IR_OnPremise as DECIMAL(18,0)) as IR_OnPremise,cast(IR_ProfessionalServices as DECIMAL(18,0)) as IR_ProfessionalServices,cast(IsAddendum as VARCHAR) as IsAddendum,cast(IsAssetPricing as VARCHAR) as IsAssetPricing,cast(IsConsulting as VARCHAR) as IsConsulting,cast(IsCustomPricing as VARCHAR) as IsCustomPricing,cast(IsMaintenanceandSupport as VARCHAR) as IsMaintenanceandSupport,cast(IsOptional as VARCHAR) as IsOptional,cast(IsOptionRollupLine as VARCHAR) as IsOptionRollupLine,cast(IsPrimaryLine as VARCHAR) as IsPrimaryLine,cast(IsPrimaryRampLine as VARCHAR) as IsPrimaryRampLine,cast(IsTraining as VARCHAR) as IsTraining,cast(IsUsageTierModifiable as VARCHAR) as IsUsageTierModifiable,cast(ItemSequence as DECIMAL(18,0)) as ItemSequence,LastActivityDate as LastActivityDate,cast(LastModifiedByID as VARCHAR) as LastModifiedByID,LastModifiedDate as LastModifiedDate,cast(LineItemCount as DECIMAL(18,0)) as LineItemCount,cast(LineItemDiscount as DECIMAL(18,4)) as LineItemDiscount,cast(LineItemId as VARCHAR) as LineItemId,cast(LineNumber as DECIMAL(18,0)) as LineNumber,cast(LineStatus as VARCHAR) as LineStatus,cast(LineType as VARCHAR) as LineType,cast(ListPrice as DECIMAL(18,5)) as ListPrice,cast(MaxServerCallsServerUsageperMo as DECIMAL(18,0)) as MaxServerCallsServerUsageperMo,cast(MediaOptimizerMediaRebillFee as DECIMAL(18,3)) as MediaOptimizerMediaRebillFee,cast(MediaOptimizerMinimumFee as DECIMAL(18,2)) as MediaOptimizerMinimumFee,cast(MinimumFeeCycle as VARCHAR) as MinimumFeeCycle,cast(MinimumFeeCycleFrench as VARCHAR) as MinimumFeeCycleFrench,cast(MinimumFeeCycleGerman as VARCHAR) as MinimumFeeCycleGerman,cast(MinimumFeeCycleJapan as VARCHAR) as MinimumFeeCycleJapan,cast(ND_EndUserTotalFees as DECIMAL(18,0)) as ND_EndUserTotalFees,cast(ND_EndUserTotalFeesFF as DECIMAL(18,2)) as ND_EndUserTotalFeesFF,cast(ND_EndUserUnitPrice as DECIMAL(18,0)) as ND_EndUserUnitPrice,cast(ND_EU_TemplateFormattedUnitPrice as VARCHAR) as ND_EU_TemplateFormattedUnitPrice,cast(ND_EU_TemplateFormattedUnitPriceJP as VARCHAR) as ND_EU_TemplateFormattedUnitPriceJP,cast(ND_EU_TotalFeesManagedServicesADIR as DECIMAL(18,0)) as ND_EU_TotalFeesManagedServicesADIR,cast(ND_EU_TotalFeesManagedServicesADUS as DECIMAL(18,0)) as ND_EU_TotalFeesManagedServicesADUS,cast(ND_EU_TotalFeesMediaOptimizerADIR as DECIMAL(18,0)) as ND_EU_TotalFeesMediaOptimizerADIR,cast(ND_EU_TotalFeesMediaOptimizerADUS as DECIMAL(18,0)) as ND_EU_TotalFeesMediaOptimizerADUS,cast(ND_EU_TotalFeesOnDemandADIR as DECIMAL(18,0)) as ND_EU_TotalFeesOnDemandADIR,cast(ND_EU_TotalFeesOnDemandADUS as DECIMAL(18,0)) as ND_EU_TotalFeesOnDemandADUS,cast(ND_EU_TotalFeesOnPremiseADIR as DECIMAL(18,0)) as ND_EU_TotalFeesOnPremiseADIR,cast(ND_EU_TotalFeesOnPremiseADUS as DECIMAL(18,0)) as ND_EU_TotalFeesOnPremiseADUS,cast(ND_EU_TotalFeesPrimetimeADIR as DECIMAL(18,0)) as ND_EU_TotalFeesPrimetimeADIR,cast(ND_EU_TotalFeesPrimetimeADUS as DECIMAL(18,0)) as ND_EU_TotalFeesPrimetimeADUS,cast(ND_EU_TotalFeesProServADIR as DECIMAL(18,0)) as ND_EU_TotalFeesProServADIR,cast(ND_EU_TotalFeesProServADUS as DECIMAL(18,0)) as ND_EU_TotalFeesProServADUS,cast(ND_MediaOptimizerMinimumFee as DECIMAL(18,0)) as ND_MediaOptimizerMinimumFee,cast(ND_PreviousAnnualValue as DECIMAL(18,0)) as ND_PreviousAnnualValue,cast(ND_PreviousUnitPrice as DECIMAL(18,0)) as ND_PreviousUnitPrice,cast(ND_TemplateFormattedPreviousUnitPrice as VARCHAR) as ND_TemplateFormattedPreviousUnitPrice,cast(ND_TemplateFormattedPrevUnitPriceJP as VARCHAR) as ND_TemplateFormattedPrevUnitPriceJP,cast(ND_TemplateFormattedUnitPrice as VARCHAR) as ND_TemplateFormattedUnitPrice,cast(ND_TemplateFormattedUnitPriceJapan as VARCHAR) as ND_TemplateFormattedUnitPriceJapan,cast(ND_TotalFees as DECIMAL(18,0)) as ND_TotalFees,cast(ND_TotalFeesAddendumAMO_ADIR as DECIMAL(18,0)) as ND_TotalFeesAddendumAMO_ADIR,cast(ND_TotalFeesAddendumAMO_ADUS as DECIMAL(18,0)) as ND_TotalFeesAddendumAMO_ADUS,cast(ND_TotalFeesAddendumMS_ADIR as DECIMAL(18,0)) as ND_TotalFeesAddendumMS_ADIR,cast(ND_TotalFeesAddendumMS_ADUS as DECIMAL(18,0)) as ND_TotalFeesAddendumMS_ADUS,cast(ND_TotalFeesAddendumOnDemandADIR as DECIMAL(18,0)) as ND_TotalFeesAddendumOnDemandADIR,cast(ND_TotalFeesAddendumOnDemandADUS as DECIMAL(18,0)) as ND_TotalFeesAddendumOnDemandADUS,cast(ND_TotalFeesAddendumOnPremiseADIR as DECIMAL(18,0)) as ND_TotalFeesAddendumOnPremiseADIR,cast(ND_TotalFeesAddendumOnPremiseADUS as DECIMAL(18,0)) as ND_TotalFeesAddendumOnPremiseADUS,cast(ND_TotalFeesAddendumPrimetimeADIR as DECIMAL(18,0)) as ND_TotalFeesAddendumPrimetimeADIR,cast(ND_TotalFeesAddendumPrimetimeADUS as DECIMAL(18,0)) as ND_TotalFeesAddendumPrimetimeADUS,cast(ND_TotalFeesFF as DECIMAL(18,2)) as ND_TotalFeesFF,cast(ND_TotalFeesManagedServicesADIR as DECIMAL(18,0)) as ND_TotalFeesManagedServicesADIR,cast(ND_TotalFeesManagedServicesADUS as DECIMAL(18,0)) as ND_TotalFeesManagedServicesADUS,cast(ND_TotalFeesMediaOptimizerADIR as DECIMAL(18,0)) as ND_TotalFeesMediaOptimizerADIR,cast(ND_TotalFeesMediaOptimizerADUS as DECIMAL(18,0)) as ND_TotalFeesMediaOptimizerADUS,cast(ND_TotalFeesOnDemandADIR as DECIMAL(18,0)) as ND_TotalFeesOnDemandADIR,cast(ND_TotalFeesOnDemandADUS as DECIMAL(18,0)) as ND_TotalFeesOnDemandADUS,cast(ND_TotalFeesOnPremiseADIR as DECIMAL(18,0)) as ND_TotalFeesOnPremiseADIR,cast(ND_TotalFeesOnPremiseADUS as DECIMAL(18,0)) as ND_TotalFeesOnPremiseADUS,cast(ND_TotalFeesPrimetimeADIR as DECIMAL(18,0)) as ND_TotalFeesPrimetimeADIR,cast(ND_TotalFeesPrimetimeADUS as DECIMAL(18,0)) as ND_TotalFeesPrimetimeADUS,cast(ND_TotalFeesProServADIR as DECIMAL(18,0)) as ND_TotalFeesProServADIR,cast(ND_TotalFeesProServADUS as DECIMAL(18,0)) as ND_TotalFeesProServADUS,cast(ND_UnitPrice as DECIMAL(18,0)) as ND_UnitPrice,cast(NetAdjustmentPercent as DECIMAL(18,4)) as NetAdjustmentPercent,cast(NetPrice as DECIMAL(18,5)) as NetPrice,cast(NetUnitPrice as DECIMAL(18,5)) as NetUnitPrice,cast(NetValueConsulting as DECIMAL(18,3)) as NetValueConsulting,cast(NetValueImplementation as DECIMAL(18,3)) as NetValueImplementation,cast(NetValueManagedServices as DECIMAL(18,3)) as NetValueManagedServices,cast(NetValueManagedServicesADIR as DECIMAL(18,3)) as NetValueManagedServicesADIR,cast(NetValueManagedServicesADUS as DECIMAL(18,3)) as NetValueManagedServicesADUS,cast(NetValueMAndS as DECIMAL(18,3)) as NetValueMAndS,cast(NetValueMediaandOther as DECIMAL(18,3)) as NetValueMediaandOther,cast(NetValueOnDemand as DECIMAL(18,3)) as NetValueOnDemand,cast(NetValueOnDemandADIR as DECIMAL(18,3)) as NetValueOnDemandADIR,cast(NetValueOnDemandADUS as DECIMAL(18,3)) as NetValueOnDemandADUS,cast(NetValueOnPremiseADIR as DECIMAL(18,3)) as NetValueOnPremiseADIR,cast(NetValueOnPremiseADUS as DECIMAL(18,3)) as NetValueOnPremiseADUS,cast(NetValueOnPremisePerpetual as DECIMAL(18,3)) as NetValueOnPremisePerpetual,cast(NetValueOnPremiseTerm as DECIMAL(18,3)) as NetValueOnPremiseTerm,cast(NetValueProServADIR as DECIMAL(18,3)) as NetValueProServADIR,cast(NetValueProServADUS as DECIMAL(18,3)) as NetValueProServADUS,cast(NetValueTraining as DECIMAL(18,3)) as NetValueTraining,cast(NumberofAssignedIPv4Addresses as DECIMAL(18,0)) as NumberofAssignedIPv4Addresses,cast(OM_GroupDigitalMarketing as DECIMAL(18,0)) as OM_GroupDigitalMarketing,cast(OM_GroupDigitalMedia as DECIMAL(18,0)) as OM_GroupDigitalMedia,cast(OM_GroupTubeMogul as DECIMAL(18,0)) as OM_GroupTubeMogul,cast(OneTimeDiscount as DECIMAL(18,3)) as OneTimeDiscount,cast(OneTimeUnitPriceDiscount as DECIMAL(18,3)) as OneTimeUnitPriceDiscount,cast(OpportunityLineItemId as VARCHAR) as OpportunityLineItemId,cast([Option] as VARCHAR) as [Option],cast(OptionCost as DECIMAL(18,5)) as OptionCost,cast(OptionPrice as DECIMAL(18,5)) as OptionPrice,cast(OrderedQuantity as DECIMAL(18,5)) as OrderedQuantity,cast(OutlookProductGroup as VARCHAR) as OutlookProductGroup,cast(OverusageCycle as VARCHAR) as OverusageCycle,cast(OverusageRate as DECIMAL(18,2)) as OverusageRate,cast(PackageId as VARCHAR) as PackageId,cast(ParentBundleNumber as DECIMAL(18,0)) as ParentBundleNumber,cast(PMBU as VARCHAR) as PMBU,cast(PreviousAnnualValue as DECIMAL(18,2)) as PreviousAnnualValue,PreviousEndDate as PreviousEndDate,cast(PreviousEndDateFormatted as VARCHAR) as PreviousEndDateFormatted,cast(PreviousEndDateFormattedJapan as VARCHAR) as PreviousEndDateFormattedJapan,cast(PreviousQuantity as DECIMAL(18,2)) as PreviousQuantity,PreviousStartDate as PreviousStartDate,cast(PreviousStartDateFormatted as VARCHAR) as PreviousStartDateFormatted,cast(PreviousStartDateFormattedFrench as VARCHAR) as PreviousStartDateFormattedFrench,cast(PreviousStartDateFormattedGerman as VARCHAR) as PreviousStartDateFormattedGerman,cast(PreviousStartDateFormattedJapan as VARCHAR) as PreviousStartDateFormattedJapan,cast(PreviousUnitPrice as DECIMAL(18,2)) as PreviousUnitPrice,cast(PreviousUnitPriceFormatted as VARCHAR) as PreviousUnitPriceFormatted,cast(PrevUnitPriceFormattedFrench as VARCHAR) as PrevUnitPriceFormattedFrench,cast(PrevUnitPriceFormattedGerman as VARCHAR) as PrevUnitPriceFormattedGerman,cast(PriceAdjustment as DECIMAL(18,5)) as PriceAdjustment,cast(PriceAdjustmentAmount as DECIMAL(18,5)) as PriceAdjustmentAmount,cast(PriceAdjustmentType as VARCHAR) as PriceAdjustmentType,cast(PriceGroup as VARCHAR) as PriceGroup,cast(PriceIncludedInBundle as VARCHAR) as PriceIncludedInBundle,cast(PriceListType as VARCHAR) as PriceListType,cast(PriceMethod as VARCHAR) as PriceMethod,cast(PriceType as VARCHAR) as PriceType,cast(PricingApprovalRules as DECIMAL(18,0)) as PricingApprovalRules,PricingDate as PricingDate,cast(PricingFrequency as VARCHAR) as PricingFrequency,cast(PricingModel as VARCHAR) as PricingModel,cast(PricingTableName as VARCHAR) as PricingTableName,cast(PricingTerm as DECIMAL(18,0)) as PricingTerm,cast(PricingUom as VARCHAR) as PricingUom,cast(PrimaryLineNumber as DECIMAL(18,0)) as PrimaryLineNumber,cast(Product as VARCHAR) as Product,cast(ProductBusinessUnit as VARCHAR) as ProductBusinessUnit,cast(ProductCode as VARCHAR) as ProductCode,cast(ProductConfiguration as VARCHAR) as ProductConfiguration,cast(ProductFamily as VARCHAR) as ProductFamily,cast(ProductGroupIndicator as VARCHAR) as ProductGroupIndicator,cast(ProductGroupingAddendum as VARCHAR) as ProductGroupingAddendum,cast(ProductGroupingCode as VARCHAR) as ProductGroupingCode,cast(ProductGroupingCodeFF as VARCHAR) as ProductGroupingCodeFF,cast(ProductGroupingDescription as VARCHAR) as ProductGroupingDescription,cast(ProductName as VARCHAR) as ProductName,cast(ProductUom as VARCHAR) as ProductUom,cast(ProServicesEngagementType as VARCHAR) as ProServicesEngagementType,cast(Provisioned as VARCHAR) as Provisioned,cast(ProvisioningCompleted as VARCHAR) as ProvisioningCompleted,cast(ProvisioningRequiredforRevRelease as VARCHAR) as ProvisioningRequiredforRevRelease,cast(ProvisionNotes as VARCHAR) as ProvisionNotes,cast(PurchaseIdentifier as VARCHAR) as PurchaseIdentifier,cast(Quantity as DECIMAL(18,0)) as Quantity,cast(Quantity2 as DECIMAL(18,5)) as Quantity2,cast(Quantity3 as DECIMAL(18,3)) as Quantity3,cast(QuantityC as DECIMAL(18,2)) as QuantityC,cast(QuantityforConga as DECIMAL(18,2)) as QuantityforConga,cast(QuoteProposal as VARCHAR) as QuoteProposal,ReadyForActivationDate as ReadyForActivationDate,ReadyForBillingDate as ReadyForBillingDate,ReadyForFulfillmentDate as ReadyForFulfillmentDate,ReadyForRevenueRecognitionDate as ReadyForRevenueRecognitionDate,cast(ReceivedConnectionID as VARCHAR) as ReceivedConnectionID,cast(RecordID as VARCHAR) as RecordID,cast(RecurringUnitPriceDiscount as DECIMAL(18,3)) as RecurringUnitPriceDiscount,cast(RenewalAdjustmentAmount as DECIMAL(18,5)) as RenewalAdjustmentAmount,cast(RenewalAdjustmentType as VARCHAR) as RenewalAdjustmentType,cast(RenewalTerms as VARCHAR) as RenewalTerms,cast(RenewalTermsDescription as VARCHAR) as RenewalTermsDescription,cast(ReplacementSKU as VARCHAR) as ReplacementSKU,cast(SalesDiscount as DECIMAL(18,1)) as SalesDiscount,cast(SalesOrg as VARCHAR) as SalesOrg,cast(SAP_BookingMethod as VARCHAR) as SAP_BookingMethod,cast(SellingFrequency as VARCHAR) as SellingFrequency,cast(SellingTerm as DECIMAL(18,5)) as SellingTerm,cast(SellingUom as VARCHAR) as SellingUom,cast(SentConnectionID as VARCHAR) as SentConnectionID,ServiceDate as ServiceDate,cast(ServiceLocation as INT) as ServiceLocation,cast(ServiceOrderDescription as VARCHAR) as ServiceOrderDescription,cast(ServiceOrderDescriptionFrench as VARCHAR) as ServiceOrderDescriptionFrench,cast(ServiceOrderDescriptionGerman as VARCHAR) as ServiceOrderDescriptionGerman,cast(ServiceOrderDescriptionJapanese as VARCHAR) as ServiceOrderDescriptionJapanese,cast(ShipTo as VARCHAR) as ShipTo,StartDate as StartDate,cast(SubSegment as VARCHAR) as SubSegment,cast(SummaryGroup as VARCHAR) as SummaryGroup,cast(SuppressFees as VARCHAR) as SuppressFees,cast(SyncEntryCriteria as VARCHAR) as SyncEntryCriteria,SystemModstamp  as SystemModstamp,cast(Taxable as VARCHAR) as Taxable,cast(TaxInclusive as VARCHAR) as TaxInclusive,TechnologyEndofLifeDate as TechnologyEndofLifeDate,cast(TemplateEndDate as VARCHAR) as TemplateEndDate,cast(TemplateEndDateFrench as VARCHAR) as TemplateEndDateFrench,cast(TemplateEndDateGerman as VARCHAR) as TemplateEndDateGerman,cast(TemplateEndDateJapan as VARCHAR) as TemplateEndDateJapan,cast(TemplateFormattedUnitPrice as VARCHAR) as TemplateFormattedUnitPrice,cast(TemplateFormattedUnitPriceFrench as VARCHAR) as TemplateFormattedUnitPriceFrench,cast(TemplateFormattedUnitPriceGerman as VARCHAR) as TemplateFormattedUnitPriceGerman,cast(TemplateLineNumberAddendum as VARCHAR) as TemplateLineNumberAddendum,cast(TemplateStartDate as VARCHAR) as TemplateStartDate,cast(TemplateStartDateFrench as VARCHAR) as TemplateStartDateFrench,cast(TemplateStartDateGerman as VARCHAR) as TemplateStartDateGerman,cast(TemplateStartDateJapan as VARCHAR) as TemplateStartDateJapan,cast(TemplateTableLineNumber as VARCHAR) as TemplateTableLineNumber,cast(TemplateTableSorting as VARCHAR) as TemplateTableSorting,cast(TestAndTargetDomains as VARCHAR) as TestAndTargetDomains,cast(TotalFees as DECIMAL(18,3)) as TotalFees,cast(TotalFeesAddendumMediaOptimizerADIR as DECIMAL(18,2)) as TotalFeesAddendumMediaOptimizerADIR,cast(TotalFeesAddendumMediaOptimizerADUS as DECIMAL(18,2)) as TotalFeesAddendumMediaOptimizerADUS,cast(TotalFeesAddendumMS_ADIR as DECIMAL(18,2)) as TotalFeesAddendumMS_ADIR,cast(TotalFeesAddendumMS_ADUS as DECIMAL(18,2)) as TotalFeesAddendumMS_ADUS,cast(TotalFeesAddendumOnDemandADIR as DECIMAL(18,2)) as TotalFeesAddendumOnDemandADIR,cast(TotalFeesAddendumOnDemandADUS as DECIMAL(18,2)) as TotalFeesAddendumOnDemandADUS,cast(TotalFeesAddendumOnPremiseADIR as DECIMAL(18,2)) as TotalFeesAddendumOnPremiseADIR,cast(TotalFeesAddendumOnPremiseADUS as DECIMAL(18,2)) as TotalFeesAddendumOnPremiseADUS,cast(TotalFeesAddendumPrimetimeADIR as DECIMAL(18,2)) as TotalFeesAddendumPrimetimeADIR,cast(TotalFeesAddendumPrimetimeADUS as DECIMAL(18,2)) as TotalFeesAddendumPrimetimeADUS,cast(TotalFeesFF as DECIMAL(18,3)) as TotalFeesFF,cast(TotalFeesJapaneseTax as DECIMAL(18,0)) as TotalFeesJapaneseTax,cast(TotalFeesJapaneseTaxFF as DECIMAL(18,0)) as TotalFeesJapaneseTaxFF,cast(TotalFeesManagedServicesADIR as DECIMAL(18,2)) as TotalFeesManagedServicesADIR,cast(TotalFeesManagedServicesADUS as DECIMAL(18,2)) as TotalFeesManagedServicesADUS,cast(TotalFeesMediaOptimizerADIR as DECIMAL(18,2)) as TotalFeesMediaOptimizerADIR,cast(TotalFeesMediaOptimizerADUS as DECIMAL(18,2)) as TotalFeesMediaOptimizerADUS,cast(TotalFeesOnDemandADIR as DECIMAL(18,2)) as TotalFeesOnDemandADIR,cast(TotalFeesOnDemandADUS as DECIMAL(18,2)) as TotalFeesOnDemandADUS,cast(TotalFeesOnPremiseADIR as DECIMAL(18,2)) as TotalFeesOnPremiseADIR,cast(TotalFeesOnPremiseADUS as DECIMAL(18,2)) as TotalFeesOnPremiseADUS,cast(TotalFeesPrimetimeADIR as DECIMAL(18,2)) as TotalFeesPrimetimeADIR,cast(TotalFeesPrimetimeADUS as DECIMAL(18,2)) as TotalFeesPrimetimeADUS,cast(TotalFeesProServADIR as DECIMAL(18,2)) as TotalFeesProServADIR,cast(TotalFeesProServADUS as DECIMAL(18,2)) as TotalFeesProServADUS,cast(TotalLineDiscount as DECIMAL(18,3)) as TotalLineDiscount,cast(TotalQuantity as DECIMAL(18,5)) as TotalQuantity,cast(UnitNetPrice as DECIMAL(18,2)) as UnitNetPrice,cast(UnitofMeasure as VARCHAR) as UnitofMeasure,cast(UnitofMeasureFrench as VARCHAR) as UnitofMeasureFrench,cast(UnitofMeasureGerman as VARCHAR) as UnitofMeasureGerman,cast(UnitofMeasureJapanese as VARCHAR) as UnitofMeasureJapanese,cast(UnitPrice as DECIMAL(18,2)) as UnitPrice,cast(UPP_Relevant as VARCHAR) as UPP_Relevant,cast(US_ManagedServices as DECIMAL(18,0)) as US_ManagedServices,cast(US_OnDemand as DECIMAL(18,0)) as US_OnDemand,cast(US_OnPremise as DECIMAL(18,0)) as US_OnPremise,cast(US_ProfessionalServices as DECIMAL(18,0)) as US_ProfessionalServices,cast(WeightedDiscount as DECIMAL(18,3)) as WeightedDiscount,cast(YearIndicator as VARCHAR) as YearIndicator,'D' as flag,CONVERT(varchar,CONVERT(date,CURRENT_TIMESTAMP)) as as_of_date from REPLICN_SF_CORP.UDA.vw_ApttusProposalProposalLineItem) vw_ApttusProposalProposalLineItem",         "schemaName": "UDA",         "hostName": "10.50.217.133",         "port": "1433",         "username": "spark.sqlserver.username",         "password": "spark.sqlserver.password",         "cdc_expr": "",         "select_column": ""       },       "runtime": {         "sc.fetchSize": "200",         "nor.conf.conn.url.suffix": "authenticationScheme=NTLM;integratedSecurity=true;domain=adobenet"       }     }   },   "target": {     "type": "adls",     "conf": {       "static": {         "path": "abfs://or1-prod-data@azr6665prddpaasb2bdna.dfs.core.windows.net/user/hive/warehouse/b2bdna/b2b.db/uda_replicn_sf_corp_uda_vw_apttusproposalproposallineitem",         "write_mode": "overwrite",         "update_key": "",         "partition_column": "flag,as_of_date",         "format": {           "type": "parquet"         }       },       "runtime": {}     }   } }