{   "source": {     "type": "sqlserver",     "conf": {       "static": {         "community": "SQL Server",         "database_name": "REPLICN_ECP",         "table_name": "(select [SUB_STD_NAME_KEY] as [sub_std_name_key], [SUB_NAME] as [sub_name], [PRNT_STD_NAME_KEY] as [prnt_std_name_key], [CREATED_BY] as [created_by], [TAP_INDUSTRY] as [tap_industry], [TAP_INDUSTRY_SRC] as [tap_industry_src], [CITY] as [city], [STATE_REGION] as [state_region], [POSTAL_CODE] as [postal_code], [COUNTRY_CODE] as [country_code], [WEBSITE] as [website], [DUNS_NUM] as [duns_num], [DB_ANNUAL_SALES_USD] as [db_annual_sales_usd], [DB_ANNUAL_SALES_LCL] as [db_annual_sales_lcl], [DB_TOT_EMP_CNT] as [db_tot_emp_cnt], [DB_EMP_CNT] as [db_emp_cnt], [DB_EMP_RANGE] as [db_emp_range], [DB_SIC_1] as [db_sic_1], [DB_NUM_FAMILY_MEMBERS] as [db_num_family_members], [DB_DU_DUNS_NUM] as [db_du_duns_num], [DB_GU_DUNS_NUM] as [db_gu_duns_num], [NAICS_CODE] as [naics_code], [B2B_OR_B2C] as [b2b_or_b2c], cast([TAX_SHELTER_HQ_IND] as int) as [tax_shelter_hq_ind], cast([NAMED_ACT_CVG_IND] as int) as [named_act_cvg_ind], [ORG_ENTITY_ID] as [org_entity_id], [SFDC_ACT_ID] as [sfdc_act_id], [INDUSTRY] as [industry], [SAM_IND] as [sam_ind], [DME_CVG_IND] as [dme_cvg_ind], [SIGN_CVG_IND] as [sign_cvg_ind], [LastModifiedDttm] as [lastmodifieddttm] from REPLICN_ECP.TAP_PROD.RV_TD_SUB) RV_TD_SUB",         "schemaName": "TAP_PROD",         "hostName": "10.50.217.133",         "port": "1433",         "username": "spark.sqlserver.username",         "password": "spark.sqlserver.password",         "cdc_expr": "",         "select_column": ""       },       "runtime": {         "sc.fetchSize": "2000",         "nor.conf.conn.url.suffix": "authenticationScheme=NTLM;integratedSecurity=true;domain=adobenet"       }     }   },   "target": {     "type": "adls",     "conf": {       "static": {         "path": "abfs://or1-prod-data@azr6665prddpaasb2bdna.dfs.core.windows.net/user/hive/warehouse/b2bdna/b2b.db/rv_td_sub",         "write_mode": "overwrite",         "update_key": "",         "format": {           "type": "parquet"         }       },       "runtime": {       }     }   } }