{   "source": {     "type": "sqlserver",     "conf": {       "static": {         "community": "SQL Server",         "database_name": "REPLICN_ECP",         "table_name": "(select [ECC_ID] as [ecc_id], [PRNT_STD_NAME_KEY] as [prnt_std_name_key], [SUB_STD_NAME_KEY] as [sub_std_name_key], [CHILD_KEY] as [child_key], [GRADE] as [grade], [VERIFIED_BY] as [verified_by], [ORG_ENTITY_ID] as [org_entity_id], [T2_ORG_ENTITY_ID] as [t2_org_entity_id], [T1_ORG_ENTITY_ID] as [t1_org_entity_id], [T_ORG_ENTITY_ID] as [t_org_entity_id], [SFDC_OVERWRITE_IND] as [sfdc_overwrite_ind], [CUST_MAP_IND] as [cust_map_ind], [LastModifiedDttm] as [lastmodifieddttm] from REPLICN_ECP.TAP_PROD.RV_TD_BRDG_ORG_ECC) RV_TD_BRDG_ORG_ECC",         "schemaName": "TAP_PROD",         "hostName": "10.50.217.133",         "port": "1433",         "username": "spark.sqlserver.username",         "password": "spark.sqlserver.password",         "cdc_expr": "",         "select_column": ""       },       "runtime": {         "sc.fetchSize": "2000",         "nor.conf.conn.url.suffix": "authenticationScheme=NTLM;integratedSecurity=true;domain=adobenet"       }     }   },   "target": {     "type": "adls",     "conf": {       "static": {         "path": "abfs://or1-prod-data@azr6665prddpaasb2bdna.dfs.core.windows.net/user/hive/warehouse/b2bdna/b2b.db/rv_td_brdg_org_ecc",         "write_mode": "overwrite",         "update_key": "",         "format": {           "type": "parquet"         }       },       "runtime": {}     }   } }