{   "source": {     "type": "sqlserver",     "conf": {       "static": {         "community": "SQL Server",         "database_name": "uda_finance",         "table_name": "(select [DateKey] as [datekey], [ContractEndDateKey] as [contractenddatekey], [MaximumContractEndDateKey] as [maximumcontractenddatekey], [RenewalDateKey] as [renewaldatekey], [MarketSegment_sk] as [marketsegment_sk], [GeoSalesDistrict_Sk] as [geosalesdistrict_sk], [Currency_sk] as [currency_sk], [AdobeSignAccount_sk] as [adobesignaccount_sk], [Account_sk] as [account_sk], [EnterpriseCustomer_sk] as [enterprisecustomer_sk], [OutlookProductGroup_SK] as [outlookproductgroup_sk], [SalesMotion_sk] as [salesmotion_sk], [UDADataSource_sk] as [udadatasource_sk],[SnapshotDate] as [snapshotdate], [TieredProductPlan] as [tieredproductplan], [PlanCategory] as [plancategory], [SalesDocument] as [salesdocument], [SalesDocumentItem] as [salesdocumentitem], [UDADataSource] as [udadatasource], [GeoDescription] as [geodescription], [MarketAreaDescription] as [marketareadescription], [Region] as [region], [RegionDescription] as [regiondescription], [SalesDistrictDescription] as [salesdistrictdescription], [SubMarketAreaDescription] as [submarketareadescription], [MarketSegment] as [marketsegment], [AccountName] as [accountname], [AriaId] as [ariaid], [EchoSignSalesForceAccountID] as [echosignsalesforceaccountid], [ECCID] as [eccid], [BillingID] as [billingid], [EndUserName] as [endusername],[DocumentCurrency] as [documentcurrency],[APIUsage] as [apiusage],[ETLAType] as [etlatype], [ContractStartDate] as [contractstartdate], [ContractEndDate] as [contractenddate], [EarliestContractStartDate] as [earliestcontractstartdate], [MinimumContractEndDate] as [minimumcontractenddate], [MaximumContractEndDate] as [maximumcontractenddate], [ContractLength] as [contractlength], [ContractTermLength] as [contracttermlength],[MasterContractLength] as [mastercontractlength],[MasterContractTermLength] as [mastercontracttermlength], [SiteARR] as [sitearr],[SeatARR] as [seatarr],[SupplementalARR] as [supplementalarr],[TransactionARR] as [transactionarr],[ServiceCreditARR] as [servicecreditarr],[TotalARR] as [totalarr], [TotalEndingQuantity] as [totalendingquantity], [TotalARRIncludingRussiaBelarusUkraine] as [totalarrincludingrussiabelarusukraine], [TotalEndingQuantityIncludingRussiaBelarusUkraine] as [totalendingquantityincludingrussiabelarusukraine], [EstimatedAnnualServiceCreditUnits] as [estimatedannualservicecreditunits], [EstimatedAnnualSupplementalUnits] as [estimatedannualsupplementalunits], [EstimatedAnnualTransactionUnits] as [estimatedannualtransactionunits], [EstimatedAnnualSiteUnits] as [estimatedannualsiteunits], [EstimatedAnnualSeatUnits] as [estimatedannualseatunits], [TransactionARPU] as [transactionarpu], [SiteARPU] as [sitearpu], [SeatARPU] as [seatarpu], [FiscalYrAndQtr] as [fiscalyrandqtr], [FiscalYrAndQtrDesc] as [fiscalyrandqtrdesc], [RenewalYrAndQtr] as [renewalyrandqtr], [RenewalYrAndQtrDesc] as [renewalyrandqtrdesc], [RenewalFiscalYr] as [renewalfiscalyr], [RenewalFiscalWkInQtr] as [renewalfiscalwkinqtr], [RenewalYrAndPer] as [renewalyrandper], [RenewalYrAndPerDesc] as [renewalyrandperdesc], [LastModifiedDttm] as [lastmodifieddttm], [ContractEndYrAndQtr] as [contractendyrandqtr], [ContractEndYrAndQtrDesc] as [contractendyrandqtrdesc], [MaximumContractEndYrAndQtr] as [maximumcontractendyrandqtr], [MaximumContractEndYrAndQtrDesc] as [maximumcontractendyrandqtrdesc], [SellInChannel] as [sellinchannel], [SellInChannelDesc] as [sellinchanneldesc], [CsmbETLAFlag] as [csmbetlaflag], [MaterialNumber] as [materialnumber], [AccountCountRpt] as [accountcountrpt], [quarterly_reportable_flag] as [quarterly_reportable_flag], [BillingCycleDesc] as [billingcycledesc], [DeployToName] as [deploytoname], [SoldToName] as [soldtoname], [ShipTo] as [shipto], [Payer] as [payer], [BillTo] as [billto], [PaymentMethod] as [paymentmethod], [PaymentCategory] as [paymentcategory], [NegotiatedPrice] as [negotiatedprice], [NextBillingDate] as [nextbillingdate], [PartnerContract] as [partnercontract], [AutoRenewal] as [autorenewal], [DeployTo] as [deployto], [CustomerPo] as [customerpo], [AcctStatus] as [acctstatus], [BillingStatus] as [billingstatus], [ContractDurationLeft] as [contractdurationleft], [VIPSupportCountry] as [vipsupportcountry], [CurrencyChangeRequired] as [currencychangerequired], [LegalTemplate] as [legaltemplate], [VIPIdentifierAtSalesDoc] as [vipidentifieratsalesdoc], [OriginalContractStartDate] as [originalcontractstartdate], [OriginalContractEndDate] as [originalcontractenddate], [FY21SalesSegmentation] as [fy21salessegmentation], [MigrationStatus] as [migrationstatus], [MigrationDate] as [migrationdate], [DmeGtmSegmentFinal] as [dmegtmsegmentfinal], [DmeGtmSegmentMovement] as [dmegtmsegmentmovement], [DmeGtmSegmentMovementQtr] as [dmegtmsegmentmovementqtr], [DmeGtmSegmentType] as [dmegtmsegmenttype], [AccountCountry] as [accountcountry], [EndUserCountryDescription] as [endusercountrydescription], [EndUserGeo] as [endusergeo], [EndUserGeoDescription] as [endusergeodescription], [EnduserMarketArea] as [endusermarketarea], [EndUserMarketAreaDescription] as [endusermarketareadescription], [EndUserRegion] as [enduserregion], [EndUserRegionDescription] as [enduserregiondescription], [CurrentFYPlanRate] as [currentfyplanrate], [TotalARRCurrentFYPlanRate] as [totalarrcurrentfyplanrate], [EchPrntStdNameKey] as [echprntstdnamekey], [EchPrntName] as [echprntname], [EchParentCountry] as [echparentcountry], [EchParentMarketArea] as [echparentmarketarea], [EchParentSalesRegion] as [echparentsalesregion], [EchParentGeo] as [echparentgeo], [EchParentMarketAreaDesc] as [echparentmarketareadesc], [EchParentSalesRegionDesc] as [echparentsalesregiondesc], [EchParentGeoDesc] as [echparentgeodesc], [EchParentIndustry] as [echparentindustry], [EchSubStdNameKey] as [echsubstdnamekey], [EchSubName] as [echsubname], [EchSubCountry] as [echsubcountry], [EchSubMarketArea] as [echsubmarketarea], [EchSubSalesRegion] as [echsubsalesregion], [EchSubGeo] as [echsubgeo], [EchSubMarketAreaDesc] as [echsubmarketareadesc], [EchSubSalesRegionDesc] as [echsubsalesregiondesc], [EchSubGeoDesc] as [echsubgeodesc], [EchSubIndustry] as [echsubindustry], [CorpSfdcAccountIdAria] as [corpsfdcaccountidaria], [ProjectedDmeGtmSegment] as [projecteddmegtmsegment] from UDA_FINANCE.arr.vw_tf_AdobeSignConsolidatedARR WHERE DateKey=(select REPLACE(CAST(CAST((dateadd(d, -((datepart(weekday, GETDATE()) + 1 + @@DATEFIRST) % 7), GETDATE())) AS DATE) as VARCHAR(10)),'-','') as datekey)) uda_vw_tf_adobesignconsolidatedarr",         "schemaName": "arr",         "hostName": "10.50.217.133",         "port": "1433",         "username": "spark.sqlserver.username",         "password": "spark.sqlserver.password",         "cdc_expr": "",         "select_column": ""       },       "runtime": {         "sc.fetchSize": "2000",         "nor.conf.conn.url.suffix": "authenticationScheme=NTLM;integratedSecurity=true;domain=adobenet"       }     }   },   "target": {     "type": "adls",     "conf": {       "static": {         "path": "abfs://or1-prod-data@azr6665prddpaasb2bdna.dfs.core.windows.net/user/hive/warehouse/b2bdna/b2b.db/uda_vw_tf_adobesignconsolidatedarr",         "write_mode": "overwrite",         "partition_column": "datekey",         "update_key": "",         "format": {           "type": "parquet"         }       },       "runtime": {}     }   } }