{   "source": {     "type": "sqlserver",     "conf": {       "static": {         "community": "SQL Server",         "database_name": "uda_finance",         "table_name": "(SELECT [AcctID]  AS accountid ,[AcctType] AS accounttype ,[BusinessUnit] as businessunit ,[ActSegCompKey] as actsegcompkey,[FiscalYrAndWk] as fiscalyrandwk,[FiscalYrAndQtr] as fiscalyrandqtr,[FiscalWkInQtr] as fiscalwkinqtr ,[QuarterlySnapshotFlag] as quarterlysnapshotflag,[DateKey] AS snapshotdatekey ,[GtmAcctSegment]  AS dmegtmsegment ,[ChildKey] as childkey ,[SubStdNameKey] as substdnamekey,[PrntStdNameKey] as prntstdnamekey,[SubName] as subname,[PrntName] as prntname,[CountryCode] as countrycode,[Industry] as industry,[SegmentRuleType] as segmentruletype,[NewCustOverRideFlag] as newcustoverrideflag ,[DmuOverRideFlag] as dmuoverrideflag ,[ActiveInd] as activeind,[dmeGtmSegmentMovementQtr] as dmegtmsegmentmovementqtr,[dmeGtmSegmentMovement] as dmegtmsegmentmovement ,[dmeGtmSegmentType] as dmegtmsegmenttype,[LastModified] as lastmodified,[UDAInsertedDate] as udainserteddate, CAST(CAST((dateadd(d, -((datepart(weekday, GETDATE()) + 1 + @@DATEFIRST) % 7), GETDATE())) AS DATE) as VARCHAR(10)) as as_of_date  FROM [dbo].[vw_GtmConsAcctSegmentWklySnapshot] where [DateKey] = CAST(CAST((dateadd(d, -((datepart(weekday, GETDATE()) + 1 + @@DATEFIRST) % 7), GETDATE())) AS DATE) as VARCHAR(10))) vw_tf_accountsegmentationsnapshot",         "schemaName": "dbo",         "hostName": "10.50.217.133",         "port": "1433",         "username": "spark.sqlserver.username",         "password": "spark.sqlserver.password",         "cdc_expr": "",         "select_column": ""       },       "runtime": {         "sc.fetchSize": "2000",         "nor.conf.conn.url.suffix": "authenticationScheme=NTLM;integratedSecurity=true;domain=adobenet"       }     }   },   "target": {     "type": "adls",     "conf": {       "static": {         "path": "abfs://or1-prod-data@azr6665prddpaasb2bdna.dfs.core.windows.net/user/hive/warehouse/b2bdna/b2b.db/vw_tf_accountsegmentationsnapshot",         "write_mode": "overwrite",         "partition_column": "as_of_date",         "update_key": "",         "format": {           "type": "parquet"         }       },       "runtime": {}     }   } }