{   "source": {     "type": "sqlserver",     "conf": {       "static": {         "community": "SQL Server",         "database_name": "TAP_PROD_EU",         "table_name": "(select SFDC_DPQ_ID as sfdc_dpq_id,DPQ_ID as dpq_id,SFDC_QUOTA_ID as sfdc_quota_id,QUOTA_START_DATE as quota_start_date,QUOTA_END_DATE as quota_end_date,ACTIVE_IND as active_ind,OPG as opg,OPG_KEY as opg_key,PAY_MEASURE as pay_measure,MAJOR_REVENUE_TYPE as major_revenue_type,QUOTA_AMT as quota_amt,SFDC_TERR_ID as sfdc_terr_id,EMP_ID as emp_id,EMP_VCR_STATUS as emp_vcr_status,EMP_ROLE_STATUS as emp_role_status,ROLE_TYPE as role_type,FISCAL_YR_AND_QTR as fiscal_yr_and_qtr, CAST(CAST((dateadd(d, -((datepart(weekday, GETDATE()) + 1 + @@DATEFIRST) % 7), GETDATE())) AS DATE) as VARCHAR(10)) as as_of_date from TAP_PROD_EU.dbo.vw_REPORT_SALES_REP_QUOTA) vw_REPORT_SALES_REP_QUOTA",         "schemaName": "dbo",         "hostName": "10.50.219.128",         "port": "1440",         "username": "spark.sqlserver.username",         "password": "spark.sqlserver.password",         "cdc_expr": "",         "select_column": ""       },       "runtime": {         "sc.fetchSize": "200",         "nor.conf.conn.url.suffix": "authenticationScheme=NTLM;integratedSecurity=true;domain=adobenet"       }     }   },   "target": {     "type": "adls",     "conf": {       "static": {         "path": "abfs://or1-prod-data@azr6665prddpaasb2bdna.dfs.core.windows.net/user/hive/warehouse/b2bdna/b2b.db/sops_tap_prod_eu_dbo_vw_ta_sales_rep_quota",         "write_mode": "overwrite",         "update_key": "",         "partition_column": "as_of_date",         "format": {           "type": "parquet"         }       },       "runtime": {}     }   } }