{   "source": {     "type": "sqlserver",     "conf": {       "static": {         "community": "SQL Server",         "database_name": "REPLICN_ECP",         "table_name": "(select [prnt_std_name_key], [prnt_name], [created_by], [tap_industry], [tap_industry_src], [city], [state_region], [postal_code], [country_code], [website], [duns_num], [db_annual_sales_usd], [db_annual_sales_lcl], [db_tot_emp_cnt], [db_emp_cnt], [db_emp_range], [db_sic_1], [db_num_family_members], [db_du_duns_num], [db_gu_duns_num], [naics_code], [b2b_or_b2c], [tax_shelter_hq_ind], [named_act_cvg_ind], [org_entity_id], [hit_list_ind], [sfdc_act_id], [fy17_std_industry], [fy17_std_industry_src], [industry], [lastmodifieddttm] from REPLICN_ECP.TAP_PROD.RV_TD_PRNT) rv_td_prnt",         "schemaName": "TAP_PROD",         "hostName": "10.50.217.133",         "port": "1433",         "username": "spark.sqlserver.username",         "password": "spark.sqlserver.password",         "cdc_expr": "",         "select_column": ""       },       "runtime": {         "sc.fetchSize": "2000",         "nor.conf.conn.url.suffix": "authenticationScheme=NTLM;integratedSecurity=true;domain=adobenet"       }     }   },   "target": {     "type": "adls",     "conf": {       "static": {         "path": "abfs://or1-non-prod-data@azr4896nprddpaasb2bdna.dfs.core.windows.net/user/hive/warehouse/b2bdna/b2b.db/rv_td_prnt",         "write_mode": "overwrite",         "update_key": "",         "format": {           "type": "delta"         }       },       "runtime": {       }     }   } }