{   "source": {     "type": "sqlserver",     "conf": {       "static": {         "community": "SQL Server",         "database_name": "UDA_PRODUCTUSAGE",         "table_name": "(select * from (SELECT distinct a.[AccountID] as accountid ,[Accountname] as accountname ,[SFDCAccountID] as sfdcaccountid ,[EchoSignId] as echosignid ,[Source] as source ,[SignAccountType] as signaccounttype ,[SignSourceType] as signsourcetype ,MARKETSEGMENT as marketsegment ,c.geo_code as geo ,d.industry as industry, NULL as csm_team, NULL as enduserid, NULL as ecpstdnamekey, NULL as ecpparentstdnamekey, NULL as eccsnapshotkey, [SnapShotDate] as snapshotdate FROM [UDA_PRODUCTUSAGE].[dbo].[vw_tf_SignAccountsData] a LEFT JOIN (select * from (select Accountid,GeoDescription, ARR, ROW_NUMBER() OVER(PARTITION BY Accountid ORDER BY ARR DESC) AS Row_Number from (select distinct Accountid, upper(GeoDescription) as GeoDescription, ARR from ( select ECCID as Accountid ,[GeoDescription] ,SUM(TotalARR) ARR FROM [UDA_FINANCE].[arr].[vw_tf_AdobeSignConsolidatedARR] a with(nolock) WHERE SnapshotDate = (select max(SnapShotDate) from [UDA_PRODUCTUSAGE].[dbo].[vw_tf_SignAccountsData]) and UDADataSource='CORP_ECC' GROUP BY ECCID ,[GeoDescription] UNION select AriaId as Accountid ,[GeoDescription] ,SUM(TotalARR) ARR from [UDA_FINANCE].[arr].[vw_tf_AdobeSignConsolidatedARR] A with(nolock) WHERE UDADataSource='SIGN_ARIA' and SnapshotDate = (select max(SnapShotDate) from [UDA_PRODUCTUSAGE].[dbo].[vw_tf_SignAccountsData]) GROUP BY AriaId, [GeoDescription] UNION select AccountNo as Accountid ,GeoDescription ,sum(ISNULL(A.BilledTotalCreditCardARR,0) + ISNULL(A.BilledNetTermsARR,0) ) ARR FROM UDA_FINANCE.ARR.vw_tf_AdobeSignARR a Join UDA_MASTERDATA.dbo.vw_td_Date td on a.SnapshotDate=td.DateDate join UDA_MASTERDATA.dbo.vw_td_GeoSalesDistrict t on t.GeoSalesDistrict_Sk=a.GeoSalesDistrict_Sk where a.SnapshotType = 'Daily' AND a.PlanName IN ( 'Adobe Sign - Annual', 'Adobe Sign - Monthly', 'Adobe Sign Annual', 'Adobe Sign Monthly', 'Adobe Sign Team Annual', 'Adobe Sign Team Monthly', 'PDF Pack', 'PDF Pakc - Annual' ) and td.DateKey= (select max(SnapShotDate) from [UDA_PRODUCTUSAGE].[dbo].[vw_tf_SignAccountsData]) GROUP BY AccountNo, GeoDescription UNION select SMARR.vip_contract as Accountid ,SMARR.geo_description as GeoDescription ,sum(SMARR.fwk_end_arr) as ARR from [replicn_hadoop].[dbo].[SignMarketARR] SMARR GROUP BY SMARR.vip_contract, SMARR.geo_description ) a ) sub ) x where Row_Number=1 ) b on a.[AccountID]=b.[AccountID] LEFT join REPLICN_HADOOP.CE_ENT_ANALYTICS.country c on b.GeoDescription=upper(c.geo_description) LEFT JOIN (select distinct industry,accountid from [UDA_MASTERDATA].[dbo].[vw_td_Account] where accountid is not null) d on a.SFDCAccountID=d.accountid where a.[SnapShotDate]=(select max(SnapShotDate) from [UDA_PRODUCTUSAGE].[dbo].[vw_tf_SignAccountsData]))) sign_uda_accounts",         "schemaName": "dbo",         "hostName": "10.50.217.133",         "port": "1433",         "username": "spark.sqlserver.username",         "password": "spark.sqlserver.password",         "cdc_expr": "",         "select_column": ""       },       "runtime": {         "sc.fetchSize": "2000",         "nor.conf.conn.url.suffix": "authenticationScheme=NTLM;integratedSecurity=true;domain=adobenet"       }     }   },   "target": {     "type": "adls",     "conf": {       "static": {         "path": "abfs://or1-non-prod-data@azr4896nprddpaasb2bdna.dfs.core.windows.net/user/hive/warehouse/b2bdna/b2b.db/sign_uda_accounts",         "write_mode": "overwrite",         "partition_column": "snapshotdate",         "update_key": "",         "format": {           "type": "delta"         }       },       "runtime": {       }     }   } }