{   "source": {     "type": "sqlserver",     "conf": {       "static": {         "community": "SQL Server",         "database_name": "REPLICN_MISC",         "table_name": "(select [id], [prnt_std_name_key], [prnt_name], [sub_std_name_key], [sub_name], [child_key], [child_name], [child_country], [child_geo], [cvg_bu], [emp_id], [emp_name], [emp_ldap], [flm_id], [flm_name], [flm_ldap], [avp_id], [avp_name], [avp_ldap], [vp_id], [vp_name], [vp_ldap], [etl_loaddate], [etl_updatedate], CONVERT(varchar,(CONVERT(date,DATEADD(DAY, -3, DATEADD(WEEK, DATEDIFF(WEEK, 0, GETDATE()), 0)),23))) AS as_of_date from REPLICN_MISC.dbo.tbl_anaplanhierarchymapping) tbl_anaplanhierarchymapping",         "schemaName": "dbo",         "hostName": "10.50.217.133",         "port": "1433",         "username": "spark.sqlserver.username",         "password": "spark.sqlserver.password",         "cdc_expr": "",         "select_column": ""       },       "runtime": {         "sc.fetchSize": "2000",         "nor.conf.conn.url.suffix": "authenticationScheme=NTLM;integratedSecurity=true;domain=adobenet"       }     }   },   "target": {     "type": "adls",     "conf": {       "static": {         "path": "abfs://or1-non-prod-data@azr4896nprddpaasb2bdna.dfs.core.windows.net/user/hive/warehouse/b2bdna/b2b.db/tbl_anaplanhierarchymapping",         "write_mode": "overwrite",         "update_key": "",         "partition_column": "as_of_date",         "format": {           "type": "delta"         }       },       "runtime": {       }     }   } }