{   "source": {     "type": "sqlserver",     "conf": {       "static": {         "community": "SQL Server",         "database_name": "UDA_MASTERDATA",         "table_name": "(     SELECT       parentid,       ParentName,       Geo,       eccid,       value as imsaccounts,       signonly,       snapshotdatekey as snapshotdate     FROM       (         SELECT           DISTINCT a.parentid,           a.ParentName,           a.Geo,           b.eccid,           b.imsaccounts,           a.signonly,           snapshotdatekey         FROM           [UDA_PRODUCTUSAGE].[dbo].[vw_td_FY21NamedAccounts] a           LEFT OUTER JOIN [UDA_MASTERDATA].dbo.[vw_td_DDOMeAccountMasterECCSnapshot] b ON a.[ParentID] = b.[ECPGTMParentStdNameKey]         WHERE           snapshotdatekey = (             select               max(snapshotdatekey)             from               [UDA_MASTERDATA].dbo.[vw_td_DDOMeAccountMasterECCSnapshot]           )       ) a CROSS APPLY STRING_SPLIT(imsaccounts, ';')     UNION       (         SELECT           DISTINCT a.parentid,           a.ParentName,           a.Geo,           b.eccid,           b.imsaccounts,           a.signonly,           snapshotdatekey         FROM           [UDA_PRODUCTUSAGE].[dbo].[vw_td_FY21NamedAccounts] a           LEFT OUTER JOIN [UDA_MASTERDATA].dbo.[vw_td_DDOMeAccountMasterECCSnapshot] b ON a.[ParentID] = b.[ECPGTMParentStdNameKey]         WHERE           snapshotdatekey = (             select               max(snapshotdatekey)             from               [UDA_MASTERDATA].dbo.[vw_td_DDOMeAccountMasterECCSnapshot]           )           AND imsaccounts is null       )   ) uda_parentid_orgid_mapping",         "schemaName": "dbo",         "hostName": "10.50.217.133",         "port": "1433",         "username": "spark.sqlserver.username",         "password": "spark.sqlserver.password",         "cdc_expr": "",         "select_column": ""       },       "runtime": {         "sc.fetchSize": "2000",         "nor.conf.conn.url.suffix": "authenticationScheme=NTLM;integratedSecurity=true;domain=adobenet"       }     }   },   "target": {     "type": "adls",     "conf": {       "static": {         "path": "abfs://or1-non-prod-data@azr4896nprddpaasb2bdna.dfs.core.windows.net/user/hive/warehouse/b2bdna/b2b.db/uda_parentid_orgid_mapping",         "write_mode": "overwrite",         "update_key": "",         "format": {           "type": "delta"         }       },       "runtime": {       }     }   } }