{   "source": {     "type": "sqlserver",     "conf": {       "static": {         "community": "SQL Server",         "database_name": "UDA_FINANCE",         "table_name": "(select [snapshotdate], [billingid], [accountname], [udadatasource], [tieredproductplan], [plancategory], [migrationgroup], [signarrcontractvaluerange], [entmigrstratbanding], [dmeetlaflag], [geodescription], [marketareadescription], [fy21salessegmentation], [migrationsegment], [resourcing], [mmcohorts], [entcohorts], [migrationstatus], [supplementalplannotinvip], [etlatype], [vipsupportcountry], [currencychangerequired], [legaltemplate], [paymentmethod], [billingcycledesc], [ariasapid], [echosignsfdcaccountid], [signconsoleid], [corpsfdcaccountid], [corpsfdcopportunityid], [corpsfdcdealregid], [multiplesignconsoleid], [region], [regiondescription], [salesdistrictdescription], [submarketareadescription], [marketsegment], [finechosignsalesforceaccountid], [documentcurrency], [sitearr], [seatarr], [supplementalarr], [transactionarr], [servicecreditarr], [totalarr], [totalendingquantity], [estimatedannualservicecreditunits], [estimatedannualsupplementalunits], [estimatedannualtransactionunits], [estimatedannualsiteunits], [estimatedannualseatunits], [transactionarpu], [sitearpu], [seatarpu], [maximumcontractendyrandqtrdesc], [sellinchanneldesc], [soldto], [billto], [ranks], [originalcontractstartdate], [originalcontractenddate], [paymentcategory], [negotiatedprice], [nextbillingdate], [partnercontract], [autorenewal], [acctstatus], [contractdurationleft], [vipidentifieratsalesdoc], [vippricing], [vipguidance], [%vipguidance], [overdueinvoice], [echosignsfdcindustry], [echosignsfdcindustrycategory], [echosignsfdcemployees], [echosignsfdcannualrevenue], [echosignsfdccsm_team], [echosignsfdcariaid], [echosignsfdcecc_id], [echosignsfdcstatus], [claimeddomainvalue], [alloweddomainvalue], [samlmode], [samlautoprovisionvalue], [usercountsum], [userbands], [jit], [previousyearactivesignusers], [previousyearnumberofagreements], [previoussignedagreements], [cqactivesignusers], [cqnumberofaggreements], [cqsignedagreements], [cqminus1activesignusers], [cqminus1numberofaggreements], [cqminus1signedagreements], [cqminus2activesignusers], [cqminus2numberofaggreements], [cqminus2signedagreements], [cqminus3activesignusers], [cqminus3numberofaggreements], [cqminus3signedagreements], [dmeetlaeccid] from UDA_FINANCE.arr.vw_tf_AdobeSignMigrationConsolidated) vw_tf_AdobeSignMigrationConsolidated",         "schemaName": "arr",         "hostName": "10.50.217.133",         "port": "1433",         "username": "spark.sqlserver.username",         "password": "spark.sqlserver.password",         "cdc_expr": "",         "select_column": ""       },       "runtime": {         "sc.fetchSize": "2000",         "nor.conf.conn.url.suffix": "authenticationScheme=NTLM;integratedSecurity=true;domain=adobenet"       }     }   },   "target": {     "type": "adls",     "conf": {       "static": {         "path": "abfs://or1-non-prod-data@azr4896nprddpaasb2bdna.dfs.core.windows.net/user/hive/warehouse/b2bdna/b2b.db/uda_vw_tf_adobesignmigrationconsolidated",         "write_mode": "overwrite",         "update_key": "",         "partition_column": "snapshotdate",         "format": {           "type": "delta"         }       },       "runtime": {       }     }   } }