{   "source": {     "type": "sqlserver",     "conf": {       "static": {         "community": "SQL Server",         "database_name": "UDA_MASTERDATA",         "table_name": "(select [eccsnapshotkey], [ecc_sk], [eccid], [sfdcaccounts], [sfdccount], [dyaccounts], [dycount], [imsaccounts], [imscount], [tpaccounts], [tpcount], [ecctosfdc], [ecctody], [ecctoims], [ecctotp], [ecccount], [etl_updatedate], [uda_source], [etl_loaddate], [isactiveecc8quarters], [isactiveecc], [gtmstdnamekey], [gtmstdname_sk], [gtmparentstdnamekey], [gtmparentstdname_sk], [ecpgtmstdnamekey], [ecpgtmstdname_sk], [ecpgtmparentstdnamekey], [ecpgtmparentstdname_sk], [sysstarttime], [sysendtime], [snapshotdate], [snapshotdatekey] from UDA_MASTERDATA.DBO.vw_td_DDOMeAccountMasterECCSnapshot where snapshotdatekey IN (SELECT REPLACE(CAST(CONVERT(VARCHAR,DATEADD(DAY, -3, DATEADD(WEEK, DATEDIFF(WEEK, 0, GETDATE()), 0)),23) AS VARCHAR(10)),'-',''))) vw_td_DDOMeAccountMasterECCSnapshot",         "schemaName": "DBO",         "hostName": "10.50.217.133",         "port": "1433",         "username": "spark.sqlserver.username",         "password": "spark.sqlserver.password",         "cdc_expr": "",         "select_column": ""       },       "runtime": {         "sc.fetchSize": "2000",         "nor.conf.conn.url.suffix": "authenticationScheme=NTLM;integratedSecurity=true;domain=adobenet"       }     }   },   "target": {     "type": "adls",     "conf": {       "static": {         "path": "abfs://or1-non-prod-data@azr4896nprddpaasb2bdna.dfs.core.windows.net/user/hive/warehouse/b2bdna/b2b.db/vw_td_ddomeaccountmastereccsnapshot",         "write_mode": "overwrite",         "partition_column": "snapshotdatekey",         "update_key": "",         "format": {           "type": "delta"         }       },       "runtime": {       }     }   } }